,Player,Nation,Pos,Squad,Age,Born,90s,Touches_Touches,Def Pen_Touches,Def 3rd_Touches,Mid 3rd_Touches,Att 3rd_Touches,Att Pen_Touches,Live_Touches,Succ_Dribbles,Att_Dribbles,Succ%_Dribbles,#Pl_Dribbles,Megs_Dribbles,Carries_Carries,TotDist_Carries,PrgDist_Carries,Prog_Carries,1/3_Carries,CPA_Carries,Mis_Carries,Dis_Carries,Targ_Receiving,Rec_Receiving,Rec%_Receiving,Prog_Receiving
0,Ismael Aaneba,fr  FRA,"FW,DF",Strasbourg,21,1999,0.1,4,2,4,1,0,0,4,0,0,,0,0,2,10,4,0,0,0,0,0,3,1,33.3,0
1,Yunis Abdelhamid,ma  MAR,DF,Reims,32,1987,32.1,2085,279,1203,986,41,21,2030,12,20,60.0,13,1,1339,7561,4188,58,8,1,8,15,1407,1365,97.0,7
2,Mehdi Abeid,dz  ALG,MF,Nantes,27,1992,14.7,871,26,223,551,174,13,825,23,32,71.9,23,0,595,3486,1689,60,22,1,6,18,628,565,90.0,14
3,Laurent Abergel,fr  FRA,MF,Lorient,27,1993,32.9,1973,40,514,1269,309,17,1932,22,31,71.0,22,0,1362,5793,2893,107,34,3,41,46,1427,1321,92.6,47
4,Charles Abi,fr  FRA,"FW,MF",Saint-Étienne,20,2000,10.1,345,9,41,165,158,44,330,12,27,44.4,14,0,209,968,504,27,11,4,35,25,492,253,51.4,66
5,Matthis Abline,fr  FRA,FW,Rennes,17,2003,0.0,1,0,0,0,1,0,1,1,1,100.0,1,0,2,7,3,0,0,0,0,0,1,1,100.0,0
6,Pape Abou Cisse,sn  SEN,DF,Saint-Étienne,24,1995,14.0,856,141,518,369,25,16,830,5,6,83.3,5,0,456,3013,1651,16,1,0,2,1,472,461,97.7,0
7,Yacine Adli,fr  FRA,MF,Bordeaux,20,2000,26.9,1942,55,419,1254,412,21,1890,55,83,66.3,59,2,1408,6992,3928,156,47,7,33,43,1559,1448,92.9,33
8,Nayef Aguerd,ma  MAR,DF,Rennes,24,1996,35.0,3019,301,1348,1773,65,37,2951,8,11,72.7,9,0,2060,9495,5390,120,11,0,4,10,2299,2266,98.6,6
9,Ruben Aguilar,fr  FRA,"DF,FW",Monaco,27,1993,24.7,1909,56,400,937,681,64,1693,22,41,53.7,24,2,1157,5571,3395,168,54,5,30,27,1423,1200,84.3,125
10,Matteo Ahlinvi,bj  BEN,MF,Nîmes,21,1999,10.0,464,16,126,299,89,14,457,18,24,75.0,20,0,348,2220,1335,44,11,2,21,18,375,319,85.1,22
11,Cheikh Ahmadou Dieng,sn  SEN,FW,Marseille,20,2000,1.4,28,0,4,19,8,3,25,1,1,100.0,1,0,17,71,48,2,0,0,1,2,57,16,28.1,4
12,Rayan Aït Nouri,fr  FRA,DF,Angers,19,2001,2.1,173,2,39,101,48,5,153,8,10,80.0,9,0,133,537,367,19,6,1,4,4,137,128,93.4,7
13,Ludovic Ajorque,re  REU,FW,Strasbourg,26,1994,33.0,1266,54,131,643,548,170,1207,14,27,51.9,15,1,655,2702,1326,71,21,17,92,36,1618,949,58.7,254
14,Marley Aké,fr  FRA,FW,Marseille,19,2001,1.6,65,1,10,27,29,8,63,4,7,57.1,5,0,41,207,119,6,0,2,3,8,100,47,47.0,15
15,Sofiane Alakouch,fr  FRA,DF,Nîmes,22,1998,16.7,1142,56,374,566,249,14,948,22,34,64.7,23,1,657,2765,1713,67,21,4,13,21,670,620,92.5,24
16,Mohamed Ali Cho,fr  FRA,"FW,MF",Angers,16,2004,3.9,185,1,18,76,108,23,184,5,14,35.7,6,0,140,683,464,27,12,2,19,12,198,134,67.7,30
17,Rachid Alioui,ma  MAR,FW,Angers,28,1992,0.2,12,0,2,6,4,1,12,1,1,100.0,1,0,7,4,2,0,0,0,3,2,9,8,88.9,3
18,Saturnin Allagbé,bj  BEN,GK,Dijon,26,1993,12.0,444,395,444,0,0,0,312,2,2,100.0,2,0,196,827,383,0,0,0,0,0,172,171,99.4,0
19,Ibrahim Amadou,fr  FRA,MF,Angers,27,1993,16.7,857,36,224,566,106,14,838,7,10,70.0,8,0,542,2217,1171,36,12,5,7,23,596,546,91.6,10
20,Romain Amalfitano,fr  FRA,"FW,DF",Dijon,30,1989,1.3,69,4,20,33,24,0,63,1,1,100.0,1,0,44,313,188,13,3,0,0,3,53,47,88.7,1
21,Jordan Amavi,fr  FRA,DF,Marseille,26,1994,9.0,574,39,208,279,126,10,502,13,24,54.2,14,0,301,1334,737,30,13,3,7,12,341,308,90.3,20
22,Thierry Ambrose,fr  FRA,FW,Metz,23,1997,8.4,375,4,16,207,183,41,362,18,32,56.3,19,0,277,1472,725,35,18,7,21,42,462,292,63.2,94
23,Joachim Andersen,dk  DEN,DF,Lyon,24,1996,2.1,138,15,68,64,14,2,132,0,0,,0,0,82,455,251,9,2,0,0,4,98,96,98.0,2
24,Benjamin André,fr  FRA,MF,Lille,29,1990,32.1,2442,81,496,1637,428,41,2415,28,42,66.7,29,0,1488,6818,3210,149,42,2,24,50,1800,1639,91.1,93
25,Victorien Angban,ci  CIV,MF,Metz,23,1996,18.6,1038,25,253,657,210,10,1022,22,31,71.0,23,0,793,3844,1843,65,19,0,20,32,779,736,94.5,30
26,Houssem Aouar,fr  FRA,"MF,FW",Lyon,22,1998,19.8,1299,9,105,707,597,137,1259,50,86,58.1,55,2,1021,5326,3430,173,49,27,38,54,1267,1057,83.4,153
27,Adil Aouchiche,fr  FRA,"MF,FW",Saint-Étienne,18,2002,19.2,1064,14,156,554,444,47,936,33,62,53.2,37,4,719,4413,2513,115,35,13,38,45,884,717,81.1,83
28,Dennis Appiah,fr  FRA,DF,Nantes,28,1992,17.3,1069,55,347,493,294,15,882,14,22,63.6,16,0,534,2658,1502,75,32,2,13,18,584,522,89.4,27
29,Luiz Araújo,br  BRA,MF,Lille,24,1996,16.6,860,12,104,415,426,51,843,42,74,56.8,45,2,643,3862,2244,112,30,11,35,37,742,621,83.7,102
30,Karim Aribi,dz  ALG,FW,Nîmes,26,1994,3.3,105,3,16,48,51,16,96,3,6,50.0,3,0,51,219,105,4,3,1,13,7,191,74,38.7,22
31,Roger Assalé,ci  CIV,"FW,MF",Dijon,26,1993,9.2,302,3,37,153,146,32,298,17,24,70.8,18,1,233,1376,791,42,21,7,22,33,382,222,58.1,66
32,Youcef Attal,dz  ALG,"DF,MF",Nice,24,1996,10.6,796,31,212,382,269,27,705,22,44,50.0,23,5,549,2802,1726,83,14,9,24,20,608,521,85.7,41
33,Jean-Kévin Augustin,fr  FRA,FW,Nantes,23,1997,0.4,8,0,1,7,2,0,6,0,0,,0,0,3,11,0,0,1,0,1,0,14,5,35.7,1
34,Ludovic Baal,gf  GUF,DF,Brest,34,1986,3.3,288,19,108,159,34,0,268,6,7,85.7,6,1,199,988,570,16,1,0,3,3,211,198,93.8,4
35,Loïc Bade,fr  FRA,DF,Lens,20,2000,29.0,2307,332,1289,1161,56,13,2267,21,24,87.5,21,0,1481,11201,6770,118,18,2,10,11,1538,1505,97.9,5
36,Stéphane Bahoken,cm  CMR,FW,Angers,28,1992,18.0,622,11,30,333,294,78,593,14,29,48.3,17,1,422,1882,843,51,16,13,69,39,911,453,49.7,153
37,Stefan Bajic,fr  FRA,GK,Saint-Étienne,18,2001,1.0,38,35,38,0,0,0,30,0,0,,0,0,21,74,30,0,0,0,0,0,20,20,100.0,0
38,Mitchel Bakker,nl  NED,DF,Paris S-G,20,2000,18.8,1488,53,330,701,536,31,1359,13,21,61.9,13,2,1004,3572,1659,76,32,3,12,16,1118,1050,93.9,67
39,Dilane Bakwa,fr  FRA,"FW,MF",Bordeaux,17,2002,0.6,58,0,4,41,13,1,58,1,3,33.3,1,0,47,239,83,5,0,1,3,1,58,49,84.5,3
40,Leonardo Balerdi,ar  ARG,DF,Marseille,21,1999,18.2,1261,151,667,633,50,18,1212,8,11,72.7,8,0,807,4051,2111,47,9,0,5,7,862,832,96.5,0
41,Fodé Ballo-Touré,sn  SEN,DF,Monaco,23,1997,7.4,505,12,113,266,154,20,433,4,10,40.0,5,0,307,1527,886,41,14,6,7,8,357,313,87.7,29
42,Abdoulaye Bamba,ci  CIV,DF,Angers,30,1990,15.0,999,38,310,513,218,8,811,5,12,41.7,7,1,576,1988,1032,34,17,2,8,6,625,574,91.8,25
43,Jonathan Bamba,fr  FRA,MF,Lille,24,1996,33.2,2128,28,227,1073,1013,89,1960,54,115,47.0,55,6,1578,8526,4585,232,76,22,72,90,1891,1552,82.1,270
44,Robson Bambu,br  BRA,DF,Nice,22,1997,11.6,924,165,586,368,20,3,887,3,4,75.0,3,0,633,3753,1881,38,1,0,2,9,676,658,97.3,2
45,Simon Banza,fr  FRA,FW,Lens,23,1996,15.2,540,18,41,257,263,77,531,12,24,50.0,12,0,322,1375,727,37,13,3,52,34,693,406,58.6,137
46,Danilo Barbosa,br  BRA,DF,Nice,24,1996,2.8,229,34,125,115,4,1,227,1,1,100.0,1,0,163,1152,653,20,0,0,1,1,170,168,98.8,0
47,Melvin Bard,fr  FRA,DF,Lyon,19,2000,4.8,449,13,108,220,152,9,386,9,15,60.0,11,1,268,1359,922,47,13,4,8,5,278,263,94.6,15
48,Toma Bašić,hr  CRO,MF,Bordeaux,23,1996,28.9,1596,56,368,1001,336,40,1534,21,35,60.0,24,0,1118,5777,2492,103,26,1,41,28,1320,1172,88.8,68
49,Cristian Battocchio,it  ITA,"MF,FW",Brest,28,1992,3.9,235,8,52,129,61,2,214,4,5,80.0,4,0,155,595,302,14,3,0,2,2,189,162,85.7,8
50,Paul Baysse,fr  FRA,DF,Bordeaux,32,1988,29.0,1968,250,1055,983,37,17,1913,3,4,75.0,3,0,1244,5982,3511,87,3,0,8,5,1404,1364,97.2,7
51,Erwan Belhadji,fr  FRA,MF,Dijon,19,2001,0.3,18,4,10,6,3,1,18,1,1,100.0,1,0,11,85,42,2,0,1,2,0,8,6,75.0,0
52,Haris Belkebla,dz  ALG,MF,Brest,26,1994,30.3,1691,116,559,955,277,14,1661,25,36,69.4,25,0,1211,5687,2799,82,21,2,19,25,1228,1146,93.3,35
53,Jean-Ricner Bellegarde,fr  FRA,"MF,FW",Strasbourg,22,1998,23.2,1129,21,187,626,413,61,1095,50,82,61.0,52,1,854,5027,2550,110,32,20,55,64,955,756,79.2,83
54,Sami Ben Amar,ma  MAR,MF,Nîmes,22,1998,0.1,6,0,0,3,3,0,6,0,0,,0,0,3,12,7,1,0,0,1,0,4,4,100.0,0
55,Hatem Ben Arfa,fr  FRA,"MF,FW",Bordeaux,33,1987,18.9,1128,1,81,651,514,59,997,83,119,69.7,83,3,901,5673,3296,179,50,27,44,74,1051,887,84.4,99
56,Salim Ben Seghir,fr  FRA,DF,Nice,17,2003,0.1,9,0,1,5,3,0,9,1,1,100.0,1,0,8,33,18,2,0,0,1,0,7,7,100.0,2
57,Wissam Ben Yedder,fr  FRA,FW,Monaco,29,1990,29.0,1184,3,62,552,652,179,1099,37,60,61.7,40,1,791,3579,2099,121,39,30,61,63,1488,886,59.5,287
58,Samy Benchama,fr  FRA,"MF,DF",Montpellier,20,2000,0.5,24,1,6,14,4,0,24,0,1,0.0,0,0,14,58,31,0,0,0,0,0,15,14,93.3,0
59,Darío Benedetto,ar  ARG,FW,Marseille,30,1990,17.5,527,16,36,288,231,65,508,15,28,53.6,19,3,296,1221,425,29,10,9,41,29,790,394,49.9,114
60,Walter Benítez,ar  ARG,GK,Nice,27,1993,38.0,1300,1195,1294,6,0,0,946,0,0,,0,0,601,2406,1266,0,0,0,1,0,606,604,99.7,0
61,Loris Benito,ch  SUI,DF,Bordeaux,28,1992,29.5,2025,124,772,1065,306,13,1747,6,10,60.0,8,2,1235,6794,3393,106,40,1,7,12,1330,1253,94.2,25
62,Bilal Benkhedim,fr  FRA,FW,Saint-Étienne,19,2001,0.8,59,0,5,30,27,3,51,2,2,100.0,2,0,40,202,93,5,1,0,6,1,49,39,79.6,5
63,Djamel Benlamri,dz  ALG,DF,Lyon,30,1989,1.7,107,11,58,54,1,0,104,0,0,,0,0,56,357,216,4,0,0,0,0,61,59,96.7,0
64,Yassine Benrahou,fr  FRA,MF,Nîmes,21,1999,13.8,771,11,108,361,349,34,685,20,43,46.5,20,0,510,2266,1106,58,21,8,24,37,678,509,75.1,60
65,Yassine Benzia,dz  ALG,"MF,FW",Dijon,25,1994,4.5,256,1,40,147,86,8,228,11,16,68.8,11,0,175,751,372,14,6,1,7,8,215,170,79.1,13
66,Valon Berisha,xk  KVX,MF,Reims,27,1993,18.3,1204,30,241,710,338,28,1113,12,20,60.0,13,0,786,4417,2574,126,39,3,19,19,967,839,86.8,56
67,Paul Bernardoni,fr  FRA,GK,Angers,23,1997,38.0,1077,927,1072,5,0,0,700,0,0,,0,0,438,1787,1126,0,0,0,0,0,336,336,100.0,0
68,Juan Bernat,es  ESP,DF,Paris S-G,27,1993,2.2,157,6,34,69,58,2,139,3,5,60.0,3,0,106,306,119,8,2,0,1,4,111,107,96.4,4
69,Dimitry Bertaud,fr  FRA,GK,Montpellier,22,1998,8.3,334,296,334,2,0,0,218,0,0,,0,0,139,683,429,0,0,0,0,0,112,111,99.1,0
70,Loïc Bessile,tg  TOG,DF,Bordeaux,21,1999,1.0,51,5,24,29,0,0,50,0,0,,0,0,38,116,37,0,0,0,0,0,41,41,100.0,0
71,Giulian Biancone,fr  FRA,"DF,MF",Monaco,20,2000,1.0,109,5,22,47,47,4,99,1,3,33.3,1,0,63,374,209,10,2,2,2,3,78,72,92.3,8
72,El Bilal Touré,ml  MLI,"FW,MF",Reims,18,2001,13.8,440,24,52,241,178,48,414,10,21,47.6,13,1,219,992,509,27,14,5,37,20,617,291,47.2,79
73,Ludovic Blas,fr  FRA,"MF,FW",Nantes,22,1997,31.0,1451,27,200,790,591,104,1405,88,155,56.8,102,6,1113,6420,3301,180,56,18,62,91,1286,965,75.0,182
74,Antonin Bobichon,fr  FRA,"MF,FW",Angers,24,1995,10.1,674,6,88,390,259,23,618,14,26,53.8,15,1,488,2712,1338,55,28,3,12,20,567,491,86.6,55
75,Quentin Boisgard,fr  FRA,"MF,FW",Lorient,23,1997,14.6,747,8,92,322,383,29,648,19,29,65.5,20,0,462,2242,1200,61,20,5,33,47,607,468,77.1,90
76,Sven Botman,nl  NED,DF,Lille,20,2000,36.8,2883,303,1464,1502,69,31,2826,8,9,88.9,8,0,1842,8952,4714,133,15,0,9,6,2122,2077,97.9,8
77,Denis Bouanga,ga  GAB,"MF,FW",Saint-Étienne,25,1994,30.2,1371,47,225,654,600,191,1313,67,150,44.7,76,6,883,4837,3170,144,47,33,104,75,1534,935,61.0,215
78,Hicham Boudaoui,dz  ALG,"MF,FW",Nice,20,1999,19.3,1082,41,270,609,282,31,1070,26,42,61.9,31,3,763,4120,2113,86,26,7,32,29,934,784,83.9,70
79,Ryad Boudebouz,dz  ALG,"MF,FW",Saint-Étienne,30,1990,7.2,543,2,83,292,218,11,485,16,21,76.2,16,1,373,2003,1190,47,18,0,14,18,490,394,80.4,36
80,Sofiane Boufal,ma  MAR,"FW,MF",Angers,26,1993,8.1,433,2,70,230,181,26,425,40,67,59.7,43,2,366,1781,1043,52,22,5,12,40,386,316,81.9,35
81,Farid Boulaya,dz  ALG,"MF,FW",Metz,27,1993,31.3,1917,16,216,1093,789,63,1662,60,97,61.9,66,6,1315,9166,4362,217,85,19,65,47,1620,1312,81.0,129
82,Ismaëlben Boura,fr  FRA,DF,Lens,19,2000,9.1,593,23,143,309,186,7,495,14,21,66.7,14,0,362,1818,1114,48,20,1,19,15,390,342,87.7,22
83,Benjamin Bourigeaud,fr  FRA,"MF,FW",Rennes,26,1994,28.4,2145,42,263,1143,815,62,1901,14,24,58.3,15,1,1297,4861,2322,117,35,6,23,18,1711,1489,87.0,126
84,John Boye,gh  GHA,DF,Metz,33,1987,33.8,1631,249,1006,647,35,17,1597,6,6,100.0,6,0,854,3249,1053,9,2,0,9,14,919,892,97.1,3
85,Umut Bozok,tr  TUR,"FW,MF",Lorient,23,1996,0.7,43,0,3,25,19,3,43,2,4,50.0,2,0,33,164,69,6,4,0,6,1,47,34,72.3,10
86,Domagoj Bradarić,hr  CRO,DF,Lille,20,1999,14.0,1048,37,269,531,317,17,925,9,13,69.2,9,1,627,3080,1968,102,27,7,8,11,696,651,93.5,53
87,Lilian Brassier,fr  FRA,DF,Brest,20,1999,10.7,808,123,425,398,47,6,782,6,7,85.7,6,1,557,3435,1808,64,13,0,3,6,571,557,97.5,4
88,Anthony Briançon,fr  FRA,DF,Nîmes,25,1994,13.6,985,140,637,394,19,6,940,1,2,50.0,1,0,594,3341,1855,31,8,0,0,0,664,650,97.9,0
89,Jimmy Briand,fr  FRA,FW,Bordeaux,34,1985,6.3,249,4,31,142,82,19,242,2,7,28.6,2,0,142,522,176,10,2,1,20,13,313,186,59.4,40
90,Dylan Bronn,tn  TUN,DF,Metz,25,1995,37.9,2108,217,1138,1062,74,16,2026,16,19,84.2,16,0,1377,7417,4446,105,20,0,5,16,1400,1371,97.9,6
91,Lucas Buadés,fr  FRA,MF,Nîmes,22,1997,0.2,6,1,1,4,1,0,5,0,0,,0,0,0,0,0,0,0,0,0,0,3,2,66.7,0
92,Marcin Bułka,pl  POL,GK,Paris S-G,20,1999,1.0,32,29,31,1,0,0,30,0,0,,0,0,21,90,33,0,0,0,0,0,16,16,100.0,0
93,Jimmy Cabot,fr  FRA,"FW,MF",Angers,26,1994,10.5,583,4,104,274,255,28,570,38,66,57.6,42,4,449,2216,1122,63,22,6,22,25,511,408,79.8,66
94,Anthony Caci,fr  FRA,DF,Strasbourg,23,1997,31.1,2200,84,778,1138,421,15,1854,28,41,68.3,29,1,1319,6148,3205,113,40,2,21,21,1328,1258,94.7,36
95,Mathieu Cafaro,fr  FRA,"MF,FW",Reims,23,1997,23.0,1092,20,207,514,460,49,1022,22,48,45.8,26,2,764,4588,2675,122,41,12,46,31,918,762,83.0,93
96,Yannick Cahuzac,fr  FRA,MF,Lens,35,1985,25.0,1090,83,244,674,210,21,1054,7,10,70.0,8,0,572,2837,1568,80,17,1,14,9,746,653,87.5,41
97,Marc-Aurèle Caillard,fr  FRA,GK,Metz,26,1994,4.0,112,107,112,0,0,0,72,0,0,,0,0,48,187,100,0,0,0,0,0,32,32,100.0,0
98,Duje Ćaleta-Car,hr  CRO,DF,Marseille,23,1996,31.3,2180,304,1239,1015,46,18,2116,3,3,100.0,3,0,1326,6412,3369,68,7,0,7,1,1566,1528,97.6,4
99,Mahdi Camara,fr  FRA,"MF,DF",Saint-Étienne,22,1998,36.6,2087,90,594,1322,324,35,2009,33,52,63.5,37,2,1347,8012,4006,162,42,4,26,36,1480,1341,90.6,45
100,Eduardo Camavinga,fr  FRA,MF,Rennes,17,2002,26.7,1968,29,356,1362,437,36,1942,49,71,69.0,49,2,1411,7920,4569,176,64,8,44,38,1661,1513,91.1,93
101,Pierrick Capelle,fr  FRA,"MF,DF",Angers,33,1987,22.8,1471,57,348,840,379,36,1391,26,49,53.1,30,0,958,4671,2191,89,35,1,37,36,1146,978,85.3,77
102,Maxence Caqueret,fr  FRA,MF,Lyon,20,2000,19.6,1331,27,224,819,365,31,1316,35,50,70.0,39,3,916,4253,2047,94,25,4,22,40,1030,948,92.0,56
103,Irvin Cardona,fr  FRA,"FW,MF",Brest,22,1997,22.5,747,30,84,287,416,124,697,11,29,37.9,13,0,432,2229,1273,71,13,19,71,23,943,545,57.8,207
104,Lionel Carole,fr  FRA,DF,Strasbourg,29,1991,14.9,1067,57,371,568,205,9,920,5,12,41.7,5,0,618,3574,2008,67,22,2,11,9,655,615,93.9,23
105,Moreto Cassamã,gw  GNB,MF,Reims,22,1998,22.6,1590,75,548,1002,150,3,1541,22,27,81.5,23,1,1165,5572,2551,74,16,0,18,20,1197,1146,95.7,17
106,Jean-Charles Castelletto,cm  CMR,DF,Nantes,25,1995,21.6,999,115,527,476,33,13,946,5,5,100.0,5,0,515,2260,1151,31,3,0,2,1,514,495,96.3,2
107,Zeki Çelik,tr  TUR,DF,Lille,23,1997,26.5,1972,73,531,1071,485,47,1680,28,49,57.1,31,3,1194,5835,3486,167,36,12,24,20,1298,1213,93.5,66
108,Bersant Celina,xk  KVX,"MF,FW",Dijon,23,1996,25.5,1305,21,202,741,456,32,1171,37,63,58.7,40,2,861,4316,2516,119,45,5,36,33,1137,913,80.3,109
109,Fabien Centonze,fr  FRA,DF,Metz,24,1996,35.8,2385,149,803,1137,614,34,2046,71,132,53.8,79,5,1382,8857,5705,246,77,8,39,45,1416,1252,88.4,66
110,Nassim Chadli,fr  FRA,"FW,MF",Nîmes,19,2001,0.3,23,1,5,13,7,1,21,1,1,100.0,1,0,15,93,60,4,0,1,1,2,18,14,77.8,2
111,Fouad Chafik,ma  MAR,DF,Dijon,33,1986,18.0,1206,78,421,635,240,8,1019,16,23,69.6,16,0,679,3862,2354,90,28,3,10,18,765,717,93.7,17
112,Mehdi Chahiri,ma  MAR,"FW,MF",Strasbourg,24,1996,8.9,420,6,52,191,211,35,413,29,46,63.0,30,1,327,1456,786,37,14,6,25,31,423,295,69.7,69
113,Aníbal Chalá,ec  ECU,DF,Dijon,24,1996,8.3,477,31,176,235,100,3,400,10,18,55.6,11,0,271,1626,967,35,11,2,9,2,301,273,90.7,10
114,Trevoh Chalobah,eng  ENG,"DF,MF",Lorient,21,1999,24.9,1497,92,542,896,163,22,1454,30,43,69.8,34,0,990,4251,2458,76,25,2,23,17,1011,965,95.5,19
115,Gaëtan Charbonnier,fr  FRA,"MF,FW",Brest,31,1988,17.4,928,24,101,437,428,78,871,34,49,69.4,35,4,622,1938,832,56,24,9,43,38,959,684,71.3,141
116,Brendan Chardonnet,fr  FRA,DF,Brest,25,1994,30.2,2046,377,1253,848,77,34,1997,4,4,100.0,4,0,1269,6391,3730,88,19,0,5,2,1372,1350,98.4,4
117,Xavier Chavalerin,fr  FRA,MF,Reims,29,1991,28.3,1307,57,436,712,224,30,1282,17,23,73.9,17,0,781,3359,1393,47,15,1,16,17,934,835,89.4,42
118,Pape Cheikh Diop,sn  SEN,MF,Dijon,22,1997,12.1,712,28,213,462,87,5,701,10,15,66.7,11,0,486,2636,1486,51,7,1,8,14,540,503,93.1,8
119,Rayan Cherki,fr  FRA,"FW,MF",Lyon,16,2003,7.8,455,0,36,221,254,40,440,39,55,70.9,39,1,399,2676,1854,107,29,10,20,18,446,372,83.4,63
120,Pedro Chirivella,es  ESP,MF,Nantes,23,1997,25.3,1415,32,289,923,268,21,1385,6,15,40.0,8,0,886,4032,1995,61,13,0,12,16,1054,967,91.7,44
121,Joris Chotard,fr  FRA,MF,Montpellier,18,2001,12.9,489,29,146,274,92,11,472,8,11,72.7,9,3,252,1240,631,28,4,1,12,8,346,282,81.5,26
122,Mounir Chouiar,fr  FRA,"FW,MF",Dijon,21,1999,14.3,757,11,113,413,300,44,708,48,82,58.5,51,4,579,2982,1866,102,22,11,39,54,679,540,79.5,63
123,Sébastien Cibois,fr  FRA,GK,Brest,22,1998,3.0,97,88,94,3,0,0,67,1,2,50.0,1,0,50,225,118,0,0,0,0,0,41,41,100.0,0
124,Alexis Claude-Maurice,fr  FRA,"MF,FW",Nice,22,1998,21.2,1023,19,176,491,461,64,971,43,72,59.7,48,0,804,4580,2570,113,44,10,42,44,963,760,78.9,126
125,Jonathan Clauss,fr  FRA,DF,Lens,27,1992,28.0,1719,53,339,722,773,65,1375,20,38,52.6,21,1,918,5560,3732,192,62,15,44,22,1125,931,82.8,121
126,Marcus Coco,fr  FRA,"MF,FW",Nantes,24,1996,16.4,838,16,133,435,335,41,815,29,44,65.9,29,1,570,2705,1318,60,25,2,37,42,801,582,72.7,91
127,Racine Coly,sn  SEN,DF,Nice,24,1995,0.2,21,1,6,16,2,0,17,0,0,,0,0,13,70,60,2,1,0,0,1,14,13,92.9,0
128,Daniel Congré,fr  FRA,DF,Montpellier,35,1985,36.6,1859,246,1019,898,58,22,1804,4,6,66.7,4,0,1004,5682,3243,62,4,0,5,3,1135,1114,98.1,6
129,Sébastien Corchia,fr  FRA,DF,Nantes,29,1990,23.0,1252,67,317,558,433,22,940,15,39,38.5,17,2,604,2973,1691,89,30,7,16,17,678,565,83.3,34
130,Maxwel Cornet,ci  CIV,"DF,FW",Lyon,23,1996,27.2,2001,77,613,992,502,52,1745,20,35,57.1,20,0,1139,5692,3470,157,38,12,25,27,1317,1214,92.2,101
131,David Pereira da Costa,pt  POR,"MF,FW",Lens,19,2001,1.8,80,2,15,40,33,5,78,3,5,60.0,4,0,56,297,147,9,2,1,2,2,64,54,84.4,7
132,Charles Costes,fr  FRA,MF,Dijon,17,2002,0.0,0,0,0,0,0,0,0,0,0,,0,0,0,0,0,0,0,0,0,0,0,0,,0
133,Benoît Costil,fr  FRA,GK,Bordeaux,33,1987,38.0,1424,1223,1410,18,0,0,995,2,2,100.0,2,0,675,3120,1720,0,0,0,0,0,631,627,99.4,0
134,Kalifa Coulibaly,ml  MLI,FW,Nantes,28,1991,10.9,378,12,20,150,214,60,366,3,10,30.0,5,2,185,651,255,13,2,7,31,14,615,295,48.0,76
135,Lassana Coulibaly,ml  MLI,"MF,FW",Angers,24,1996,18.7,936,44,219,603,185,15,926,21,38,55.3,22,1,586,3583,1454,75,24,2,20,18,596,510,85.6,23
136,Senou Coulibaly,ml  MLI,DF,Dijon,25,1994,21.5,1206,197,782,480,17,6,1179,8,9,88.9,8,0,694,3992,2235,39,0,0,4,5,797,772,96.9,1
137,Nicolas Cozza,fr  FRA,DF,Montpellier,21,1999,15.2,787,94,368,359,116,8,708,12,18,66.7,13,2,443,2843,1538,59,17,2,15,6,470,439,93.4,11
138,Adrián Cubas,py  PAR,MF,Nîmes,24,1996,24.9,1264,68,471,737,134,7,1225,13,21,61.9,14,1,833,3682,1863,40,7,1,10,30,743,696,93.7,14
139,Mickaël Cuisance,fr  FRA,MF,Marseille,20,1999,11.4,668,7,87,417,213,21,657,14,35,40.0,16,1,470,2182,963,53,19,5,21,37,652,509,78.1,60
140,Damien Da Silva,fr  FRA,DF,Rennes,32,1988,29.6,2268,239,1080,1280,81,32,2241,11,11,100.0,11,0,1519,9739,5402,136,21,0,1,6,1696,1673,98.6,7
141,Colin Dagba,fr  FRA,DF,Paris S-G,21,1998,15.1,1083,40,268,503,379,34,971,10,17,58.8,11,0,775,3330,1900,97,27,10,10,13,813,766,94.2,53
142,Flavius Daniliuc,at  AUT,DF,Nice,19,2001,16.4,1237,132,572,659,75,13,1176,3,3,100.0,3,0,856,4787,2834,95,8,0,5,4,933,904,96.9,4
143,Dante,br  BRA,DF,Nice,36,1983,8.6,757,95,435,360,18,12,744,0,0,,0,0,550,3107,1750,24,4,0,4,1,622,614,98.7,4
144,Jonathan David,ca  CAN,FW,Lille,20,2000,26.2,877,5,52,360,508,128,854,26,52,50.0,29,1,577,2375,1370,71,18,19,61,51,1177,639,54.3,244
145,Mattia De Sciglio,it  ITA,DF,Lyon,27,1992,16.3,1122,66,370,566,244,13,1005,8,14,57.1,9,1,660,3086,1536,61,12,3,13,5,729,686,94.1,36
146,Thibault De Smet,be  BEL,DF,Reims,22,1998,5.5,423,15,124,225,105,3,365,3,4,75.0,3,0,234,1350,824,41,19,2,3,1,264,249,94.3,15
147,Lucas Deaux,fr  FRA,"MF,DF",Nîmes,31,1988,19.5,1217,79,438,645,214,29,1179,20,32,62.5,21,1,731,3660,2036,51,15,4,25,21,913,801,87.7,54
148,Mathieu Debuchy,fr  FRA,DF,Saint-Étienne,35,1985,23.4,1587,91,498,719,433,43,1271,17,32,53.1,19,2,723,3206,1727,79,30,3,22,20,856,751,87.7,35
149,Romain Del Castillo,fr  FRA,"MF,FW",Rennes,24,1996,7.2,487,2,47,195,280,34,462,18,33,54.5,22,1,352,1764,956,59,16,9,21,17,464,350,75.4,91
150,Thomas Delaine,fr  FRA,DF,Metz,28,1992,19.8,1038,47,324,506,320,30,898,25,51,49.0,28,1,623,4623,3356,135,56,15,19,19,738,629,85.2,51
151,Jonathan Delaplace,fr  FRA,DF,Lorient,34,1986,10.1,624,32,185,289,184,18,499,3,6,50.0,4,0,303,1317,657,34,9,2,14,3,364,306,84.1,18
152,Sacha Delaye,fr  FRA,MF,Montpellier,18,2002,0.1,4,1,3,1,0,0,4,0,0,,0,0,2,15,0,0,0,0,0,0,1,1,100.0,0
153,Andy Delort,dz  ALG,FW,Montpellier,28,1991,27.6,1232,32,85,544,655,159,1157,38,70,54.3,39,1,658,2751,1451,86,22,18,72,40,1526,928,60.8,248
154,Moussa Dembélé,fr  FRA,FW,Lyon,24,1996,7.5,253,12,20,95,148,50,244,11,20,55.0,11,0,143,559,271,18,6,2,17,20,296,179,60.5,69
155,Jason Denayer,be  BEL,DF,Lyon,25,1995,29.0,1919,271,958,1035,45,6,1883,7,7,100.0,7,0,1280,6473,3760,68,12,0,5,3,1413,1386,98.1,4
156,Kevin Denkey,tg  TOG,FW,Nîmes,19,2000,5.8,184,3,8,90,96,32,172,5,12,41.7,5,0,115,413,170,10,0,4,15,7,250,126,50.4,58
157,Memphis Depay,nl  NED,FW,Lyon,26,1994,32.5,1736,5,61,781,988,204,1546,88,142,62.0,96,3,1243,5345,3211,204,59,40,116,88,1955,1331,68.1,379
158,Clément Depres,fr  FRA,MF,Nîmes,25,1994,0.2,6,0,1,2,3,0,6,0,0,,0,0,3,3,0,0,0,0,0,0,8,6,75.0,4
159,Ángel Di María,ar  ARG,"FW,MF",Paris S-G,32,1988,20.6,1482,15,105,605,900,94,1346,46,89,51.7,52,8,1123,5761,3428,191,68,27,46,35,1358,1169,86.1,188
160,Boulaye Dia,sn  SEN,"FW,MF",Reims,23,1996,32.6,1001,35,141,476,481,143,949,48,78,61.5,49,1,746,3910,2083,94,31,29,85,69,1325,698,52.7,211
161,Abdou Diallo,sn  SEN,DF,Paris S-G,24,1996,16.6,1335,123,539,764,129,7,1264,20,35,57.1,23,0,980,4691,2825,77,20,0,11,4,1022,995,97.4,10
162,Ibrahima Diallo,fr  FRA,MF,Brest,21,1999,4.9,316,6,79,212,50,2,309,7,9,77.8,8,0,230,1060,594,12,1,1,4,5,258,242,93.8,7
163,Stéphane Diarra,fr  FRA,"FW,MF",Lorient,21,1998,2.2,130,1,19,56,65,7,124,4,13,30.8,4,0,94,458,182,10,1,1,7,13,118,95,80.5,29
164,Raphael Dias Belloli,br  BRA,"FW,MF",Rennes,23,1996,4.5,200,3,25,85,104,19,182,13,28,46.4,14,2,141,677,460,25,7,3,5,7,187,139,74.3,31
165,Krepin Diatta,sn  SEN,"MF,DF",Monaco,21,1999,4.3,223,3,18,83,138,14,212,9,13,69.2,10,0,155,827,462,26,5,5,9,15,218,160,73.4,24
166,Tristan Dingomé,cm  CMR,MF,Reims,29,1991,0.2,16,0,5,8,3,0,16,0,0,,0,0,11,36,5,0,0,0,1,0,13,13,100.0,1
167,Sinaly Diomande,ci  CIV,DF,Lyon,19,2001,12.6,880,122,441,442,57,17,856,6,8,75.0,6,0,542,2785,1602,34,10,1,1,1,607,591,97.4,5
168,Lois Diony,fr  FRA,FW,Angers,27,1992,19.4,647,18,39,288,347,80,608,14,50,28.0,14,1,407,1974,1033,69,14,18,55,43,1028,486,47.3,197
169,Sofiane Diop,fr  FRA,"MF,FW",Monaco,20,2000,22.5,1295,22,201,700,497,72,1265,38,61,62.3,41,1,929,5038,2740,124,37,16,36,54,1121,903,80.6,138
170,Andy Diouf,fr  FRA,FW,Rennes,18,2002,0.1,9,0,0,7,3,0,9,0,1,0.0,0,0,7,17,14,1,0,0,2,0,7,7,100.0,1
171,Yehvann Diouf,fr  FRA,GK,Reims,20,1999,1.5,52,44,52,0,0,0,39,1,1,100.0,1,0,26,156,83,0,0,0,0,0,20,20,100.0,0
172,Assane Dioussé,sn  SEN,DF,Saint-Étienne,22,1997,0.0,1,0,1,0,0,0,1,0,0,,0,0,1,4,2,0,0,0,0,0,1,0,0.0,0
173,Axel Disasi,fr  FRA,DF,Monaco,22,1998,22.3,1729,180,881,908,60,23,1670,8,8,100.0,8,0,1210,6939,4154,96,3,0,3,6,1284,1251,97.4,4
174,Tiago Djaló,pt  POR,DF,Lille,20,2000,9.7,796,45,270,452,125,5,722,8,14,57.1,9,0,523,2429,1227,36,15,3,4,9,546,533,97.6,8
175,Alexander Djiku,gh  GHA,"DF,MF",Strasbourg,25,1994,28.4,1677,192,953,774,67,20,1640,7,8,87.5,7,1,974,4836,2379,49,12,1,6,8,1076,1039,96.6,8
176,Mihai Dobre,ro  ROU,FW,Dijon,21,1998,5.9,256,6,42,139,103,15,248,15,23,65.2,16,0,170,1063,635,34,13,3,14,11,253,166,65.6,27
177,Jeremy Doku,be  BEL,"MF,FW",Rennes,18,2002,25.7,1362,6,129,563,819,131,1355,88,152,57.9,104,2,1228,7345,4748,278,67,40,68,79,1372,1061,77.3,172
178,Kasper Dolberg,dk  DEN,FW,Nice,22,1997,21.4,572,25,53,312,229,69,526,14,29,48.3,14,0,346,1211,555,32,13,6,48,46,734,389,53.0,132
179,Keagan Dolly,za  RSA,MF,Montpellier,27,1993,5.0,238,4,39,122,99,6,225,4,9,44.4,5,1,156,910,515,24,11,2,7,8,210,160,76.2,20
180,Anastasios Donis,gr  GRE,MF,Reims,23,1996,1.1,30,0,4,15,13,0,30,1,2,50.0,1,0,20,99,66,2,0,0,5,2,44,26,59.1,7
181,Lucas Douath,fr  FRA,MF,Saint-Étienne,16,2003,14.7,775,35,268,492,89,4,766,13,24,54.2,15,0,534,3584,1742,62,17,1,10,14,507,473,93.3,7
182,Cheick Doucouré,ml  MLI,MF,Lens,20,2000,29.2,1769,57,379,1221,298,22,1753,31,41,75.6,31,1,1154,6458,3513,165,46,7,19,23,1227,1148,93.6,55
183,Fodé Doucouré,ml  MLI,DF,Reims,19,2001,3.7,237,17,83,133,49,2,200,3,4,75.0,3,0,138,943,661,31,12,2,3,3,138,131,94.9,4
184,Mahamadou Doucouré,fr  FRA,FW,Nîmes,20,2000,0.5,22,1,4,11,10,3,21,0,1,0.0,0,0,17,168,107,5,2,1,4,1,18,16,88.9,4
185,Moussa Doumbia,ml  MLI,"MF,FW",Reims,25,1994,10.0,558,6,85,274,275,36,541,24,43,55.8,26,0,475,3175,1963,104,40,18,27,24,537,411,76.5,67
186,Souleyman Doumbia,ci  CIV,DF,Angers,23,1996,24.7,1535,71,483,769,392,19,1295,33,49,67.3,37,1,921,5085,2978,128,45,5,30,27,950,878,92.4,52
187,Mouhamadou Drammeh,fr  FRA,MF,Reims,21,1999,1.9,71,9,20,47,9,2,68,5,6,83.3,5,0,45,255,125,7,0,1,1,3,45,39,86.7,0
188,Julian Draxler,de  GER,"MF,FW",Paris S-G,26,1993,11.8,727,3,72,393,328,43,699,21,33,63.6,22,0,583,3357,1970,105,39,15,6,14,659,593,90.0,89
189,Matthieu Dreyer,fr  FRA,GK,Lorient,31,1989,15.0,400,354,398,2,0,0,256,0,0,,0,0,150,944,484,0,0,0,0,0,128,127,99.2,0
190,Leo Dubois,fr  FRA,DF,Lyon,25,1994,32.3,2606,101,603,1244,945,80,2147,35,56,62.5,37,3,1504,8462,5224,236,79,20,31,25,1716,1571,91.6,107
191,Haris Duljević,ba  BIH,"MF,FW",Nîmes,26,1993,8.6,412,7,47,223,198,21,397,32,46,69.6,34,3,334,1927,1241,62,32,7,16,24,404,288,71.3,38
192,Jean-Kevin Duverne,fr  FRA,DF,Brest,23,1997,22.5,1553,241,856,756,65,14,1495,17,20,85.0,17,2,1004,6087,3801,94,17,2,6,13,1093,1070,97.9,6
193,Eric Junior Dina Ebimbe,fr  FRA,"FW,MF",Dijon,19,2000,23.8,1127,19,180,676,427,75,1111,61,101,60.4,64,5,864,5084,2934,115,46,14,70,62,1054,840,79.7,146
194,Enzo Ebosse,fr  FRA,DF,Angers,21,1999,2.9,180,26,90,85,15,2,167,0,0,,0,0,120,448,224,4,1,0,1,0,125,120,96.0,2
195,Bruno Ecuele Manga,ga  GAB,DF,Dijon,32,1988,38.0,2330,446,1543,862,61,38,2272,10,12,83.3,11,0,1377,7139,3402,50,4,1,6,7,1504,1468,97.6,6
196,Hugo Ekitike,fr  FRA,"MF,FW",Reims,18,2002,1.0,40,0,1,16,23,7,37,2,3,66.7,2,0,23,89,46,2,0,1,3,5,43,30,69.8,10
197,Niclas Eliasson,se  SWE,"MF,FW",Nîmes,24,1995,20.0,762,16,116,270,421,47,662,12,26,46.2,12,0,417,2269,1145,63,15,8,36,26,689,429,62.3,109
198,Sepe Elye Wahi,fr  FRA,FW,Montpellier,17,2003,6.2,191,6,26,72,110,31,186,8,19,42.1,10,1,132,785,528,30,10,7,18,13,247,130,52.6,47
199,Renaud Emond,be  BEL,FW,Nantes,28,1991,3.9,128,1,15,64,51,18,120,0,2,0.0,0,0,62,240,93,5,1,2,6,6,210,94,44.8,29
200,Yoann Etienne,fr  FRA,DF,Lorient,23,1997,1.0,48,3,16,24,9,0,39,0,1,0.0,0,0,23,141,48,1,0,0,2,0,23,20,87.0,0
201,Fábio,br  BRA,DF,Nantes,30,1990,16.7,1102,63,326,564,258,16,917,7,18,38.9,9,0,531,2515,1408,65,21,0,12,14,581,539,92.8,23
202,Cesc Fàbregas,es  ESP,MF,Monaco,33,1987,9.7,898,12,153,499,290,27,801,6,11,54.5,6,0,575,2112,1165,47,11,1,10,12,731,667,91.2,52
203,Wout Faes,be  BEL,DF,Reims,22,1998,32.2,1977,354,1210,838,33,20,1948,13,16,81.3,13,1,1272,6523,3736,85,6,1,12,14,1331,1305,98.0,3
204,Romain Faivre,fr  FRA,"MF,FW",Brest,22,1998,32.1,1896,38,341,935,854,86,1743,89,134,66.4,93,3,1384,10004,5900,237,121,18,60,53,1548,1294,83.6,166
205,Wuilker Faríñez,ve  VEN,GK,Lens,22,1998,1.2,31,29,30,1,0,0,21,0,0,,0,0,10,57,28,0,0,0,0,0,5,5,100.0,0
206,Noah Fatar,fr  FRA,"FW,MF",Angers,18,2002,0.2,13,1,3,3,8,0,13,0,0,,0,0,9,57,22,1,0,0,1,2,12,9,75.0,1
207,Julien Faussurier,fr  FRA,DF,Brest,33,1987,10.6,708,37,215,310,222,22,584,6,11,54.5,6,2,397,1924,1125,36,14,7,7,6,456,409,89.7,34
208,Zinedine Ferhat,dz  ALG,"FW,MF",Nîmes,27,1993,32.9,1708,49,257,749,821,123,1624,64,128,50.0,73,8,1170,5765,3236,149,49,30,69,68,1732,1260,72.7,202
209,Jordan Ferri,fr  FRA,MF,Montpellier,28,1992,28.6,1865,42,543,1207,262,15,1831,16,27,59.3,16,0,1293,7162,3430,121,28,3,23,38,1419,1321,93.1,41
210,Alexis Flips,fr  FRA,MF,Reims,20,2000,0.5,27,0,5,11,14,1,25,0,2,0.0,0,0,19,58,33,2,1,0,2,1,27,20,74.1,2
211,Alessandro Florenzi,it  ITA,DF,Paris S-G,29,1991,17.1,1127,48,260,530,393,54,1022,6,12,50.0,6,2,710,3395,1801,75,19,9,10,3,845,784,92.8,69
212,Mamadou Fofana,ml  MLI,"MF,DF",Metz,22,1998,11.9,561,57,288,273,27,5,548,3,3,100.0,3,0,330,1535,798,10,1,0,2,4,325,315,96.9,1
213,Seko Fofana,ci  CIV,MF,Lens,25,1995,25.7,1528,31,257,990,431,60,1512,40,69,58.0,45,3,1103,7088,3802,165,60,10,47,44,1378,1173,85.1,147
214,Wesley Fofana,fr  FRA,DF,Saint-Étienne,19,2000,3.5,227,36,135,93,13,5,218,2,3,66.7,2,0,127,787,471,9,1,0,1,1,148,146,98.6,5
215,Youssouf Fofana,fr  FRA,MF,Monaco,21,1999,31.9,2043,49,442,1358,379,16,1990,35,52,67.3,35,3,1369,7036,3695,164,45,2,23,34,1540,1441,93.6,63
216,Thomas Foket,be  BEL,DF,Reims,25,1994,36.9,2282,138,906,1025,532,27,1899,21,29,72.4,22,2,1321,8194,4754,169,74,2,23,23,1427,1301,91.2,97
217,Lamine Fomba,fr  FRA,MF,Nîmes,22,1998,24.2,1031,68,309,549,229,33,1019,20,32,62.5,22,1,599,2915,1457,77,16,1,23,40,628,535,85.2,30
218,Thomas Fontaine,mg  MAD,DF,Lorient,29,1991,3.6,133,29,92,43,2,1,123,0,0,,0,0,71,334,152,2,0,0,0,0,79,76,96.2,1
219,José Fonte,pt  POR,DF,Lille,36,1983,35.4,2687,264,1287,1421,161,55,2625,9,9,100.0,9,1,1775,8732,4988,139,24,0,8,4,1947,1919,98.6,21
220,Steven Fortes,cv  CPV,DF,Lens,28,1992,15.9,1099,104,580,591,26,5,1069,4,6,66.7,4,0,723,4820,2892,63,2,0,2,2,773,760,98.3,3
221,Yassin Fortune,fr  FRA,FW,Angers,21,1999,0.2,5,0,0,5,0,0,4,0,0,,0,0,4,8,5,0,0,0,1,0,6,4,66.7,1
222,Angelo Fulgini,fr  FRA,MF,Angers,23,1996,30.3,2105,13,267,1246,780,95,1993,82,149,55.0,88,8,1670,8469,4729,222,79,17,79,97,2007,1657,82.6,203
223,Baptiste Gabard,fr  FRA,MF,Saint-Étienne,20,2000,1.5,79,2,14,53,13,0,78,1,1,100.0,1,0,48,173,85,2,0,0,1,6,55,52,94.5,8
224,Idrissa Gana Gueye,sn  SEN,MF,Paris S-G,30,1989,17.6,1893,41,345,1319,362,16,1865,24,36,66.7,24,1,1444,7213,3802,152,46,4,13,23,1566,1511,96.5,36
225,Ignatius Ganago,cm  CMR,FW,Lens,21,1999,14.5,478,4,34,186,274,77,451,22,44,50.0,24,0,322,1204,556,36,4,10,47,31,661,371,56.1,153
226,Yann Gboho,fr  FRA,"MF,FW",Rennes,19,2001,3.4,182,6,20,59,124,27,180,11,22,50.0,13,0,152,916,588,37,9,5,2,19,173,137,79.2,33
227,Valère Germain,fr  FRA,FW,Marseille,30,1990,9.5,379,20,67,206,124,19,364,2,6,33.3,2,0,179,703,253,12,5,3,16,6,462,264,57.1,46
228,Willem Geubbels,fr  FRA,"FW,MF",Monaco,18,2001,3.3,180,6,34,78,76,23,175,0,4,0.0,0,0,95,371,172,11,4,4,11,7,153,107,69.9,24
229,Andrei Girotto,br  BRA,"DF,MF",Nantes,28,1992,29.6,1784,176,824,943,116,26,1728,5,8,62.5,6,0,929,4767,2819,89,23,0,4,5,1064,1036,97.4,8
230,Aleksandr Golovin,ru  RUS,"MF,FW",Monaco,24,1996,11.9,733,5,72,325,393,58,637,19,27,70.4,20,2,491,2983,1684,77,34,8,22,23,608,470,77.3,86
231,Vagner Gonçalves,cv  CPV,"FW,MF",Metz,24,1996,10.7,405,3,52,202,183,34,390,14,31,45.2,14,0,274,1274,723,31,13,1,44,25,487,281,57.7,64
232,Álvaro González,es  ESP,DF,Marseille,30,1990,31.5,2173,267,1169,1122,47,23,2108,4,4,100.0,4,0,1419,8268,5554,143,6,2,2,5,1602,1570,98.0,1
233,Amine Gouiri,fr  FRA,"FW,MF",Nice,20,2000,30.5,1555,22,145,645,875,183,1423,53,105,50.5,53,5,1072,5676,3478,205,56,35,55,63,1619,1146,70.8,272
234,Jonathan Gradit,fr  FRA,DF,Lens,27,1992,31.4,2028,154,811,1323,101,3,1977,31,39,79.5,32,0,1461,9886,6953,214,36,1,13,18,1474,1444,98.0,3
235,Andrew Gravillon,fr  FRA,DF,Lorient,22,1998,25.2,1528,212,862,704,54,13,1486,6,8,75.0,7,0,870,4283,2535,68,12,0,3,4,940,905,96.3,7
236,Adrian Grbić,at  AUT,FW,Lorient,23,1996,10.7,329,12,39,166,145,42,303,6,14,42.9,8,1,167,740,434,19,9,6,16,15,402,212,52.7,66
237,Etienne Green,fr  FRA,GK,Saint-Étienne,20,2000,8.0,246,223,246,1,0,0,156,0,0,,0,0,96,454,281,0,0,0,0,0,69,69,100.0,0
238,Clément Grenier,fr  FRA,MF,Rennes,29,1991,12.0,1019,4,110,577,373,31,942,9,17,52.9,9,0,653,2560,1300,64,16,1,16,13,882,784,88.9,83
239,Evann Guessand,fr  FRA,FW,Nice,19,2001,0.3,7,2,2,1,4,2,7,1,1,100.0,1,1,3,25,16,2,0,1,0,0,7,3,42.9,3
240,Kelyan Guessoum,fr  FRA,DF,Nîmes,21,1999,12.5,693,86,433,316,10,6,674,1,1,100.0,1,0,452,2915,1636,26,2,0,0,3,468,464,99.1,0
241,Lamine Gueye,sn  SEN,"FW,MF",Metz,22,1998,16.2,723,9,103,321,351,75,694,17,35,48.6,19,1,485,2550,1459,73,20,13,49,35,823,524,63.7,132
242,Pape Gueye,fr  FRA,MF,Marseille,21,1999,22.9,1646,54,373,1167,192,12,1624,12,19,63.2,12,0,1108,5216,2531,87,15,1,18,20,1264,1173,92.8,36
243,Frederic Guilbert,fr  FRA,DF,Strasbourg,25,1994,12.4,826,42,217,389,273,7,673,22,35,62.9,23,1,450,2504,1619,67,32,2,18,15,468,410,87.6,16
244,Bruno Guimarães,br  BRA,MF,Lyon,22,1997,19.5,1682,50,331,1098,412,26,1649,21,28,75.0,22,3,1291,7452,3786,182,72,7,19,17,1387,1289,92.9,61
245,Sehrou Guirassy,fr  FRA,FW,Rennes,24,1996,19.6,760,18,38,431,327,115,731,27,43,62.8,30,2,503,2252,793,52,17,9,54,43,1035,612,59.1,203
246,Malo Gusto,fr  FRA,MF,Lyon,17,2003,0.0,1,0,0,1,0,0,0,0,0,,0,0,0,0,0,0,0,0,0,0,0,0,,0
247,Massadio Haïdara,ml  MLI,DF,Lens,27,1992,23.7,1525,66,439,864,321,39,1340,17,30,56.7,17,0,893,4792,3027,127,31,5,24,21,1028,904,87.9,30
248,Pierre-Yves Hamel,fr  FRA,FW,Lorient,26,1994,9.4,322,8,27,170,131,30,302,3,5,60.0,3,0,156,459,240,12,2,1,31,22,373,211,56.6,49
249,Romain Hamouma,fr  FRA,FW,Saint-Étienne,33,1987,19.7,952,10,95,429,494,95,852,37,88,42.0,43,5,658,3548,1848,108,21,16,66,48,1049,656,62.5,165
250,Dalbert Henrique,br  BRA,DF,Rennes,26,1993,4.1,320,13,87,161,88,7,277,1,3,33.3,1,0,199,780,419,22,8,4,2,4,223,205,91.9,8
251,Luis Henrique,br  BRA,"DF,FW",Marseille,18,2001,7.5,369,6,58,137,202,34,348,18,30,60.0,18,1,276,1756,976,52,9,8,8,10,356,252,70.8,63
252,Christophe Hérelle,mq  MTQ,DF,Brest,27,1992,15.3,1029,137,555,502,31,9,1003,3,3,100.0,3,0,684,3274,1834,38,8,0,2,4,728,715,98.2,0
253,Jérôme Hergault,fr  FRA,DF,Lorient,34,1986,18.1,1097,42,337,535,274,7,916,11,25,44.0,14,3,620,2534,1236,68,24,1,22,16,726,627,86.4,24
254,Ander Herrera,es  ESP,MF,Paris S-G,30,1989,20.6,1971,64,359,1203,518,33,1938,16,23,69.6,16,2,1376,5539,2931,129,41,0,18,16,1687,1598,94.7,88
255,Vitorino Hilton,br  BRA,DF,Montpellier,42,1977,23.5,1310,219,842,519,31,20,1257,1,2,50.0,1,0,699,3891,2132,26,1,0,4,3,766,751,98.0,3
256,Franck Honorat,fr  FRA,"MF,FW",Brest,23,1996,27.3,1306,38,216,467,739,88,1187,35,78,44.9,39,5,829,4571,2945,127,60,23,38,36,1216,884,72.7,190
257,Fraser Hornby,sco  SCO,FW,Reims,20,1999,0.4,13,0,1,5,7,2,13,0,0,,0,0,3,15,1,0,0,0,1,0,21,11,52.4,4
258,Adrien Hunou,fr  FRA,"FW,MF",Rennes,26,1994,6.5,272,3,13,106,162,37,262,2,3,66.7,2,0,153,655,275,16,5,3,17,7,358,215,60.1,77
259,Didier Ibrahim Ndong,ga  GAB,MF,Dijon,26,1994,29.0,1771,65,497,1242,182,10,1742,21,32,65.6,24,0,1180,7042,3193,106,24,2,24,31,1390,1266,91.1,31
260,Mauro Icardi,ar  ARG,FW,Paris S-G,27,1993,12.0,270,5,19,120,141,73,248,4,4,100.0,4,0,147,575,221,8,2,0,20,7,359,188,52.4,72
261,Jonathan Ikone,fr  FRA,"MF,FW",Lille,22,1998,24.2,1038,13,108,554,484,61,1007,43,73,58.9,50,2,816,4501,2692,138,47,21,46,64,1132,811,71.6,167
262,Yun Il-lok,kr  KOR,"MF,FW",Montpellier,28,1992,3.5,137,1,13,87,44,4,130,1,5,20.0,1,0,77,406,213,11,3,1,3,5,140,87,62.1,13
263,Corentin Jean,fr  FRA,"FW,MF",Lens,25,1995,6.4,261,5,24,119,133,29,249,13,17,76.5,13,0,191,985,508,23,8,2,14,20,296,196,66.2,58
264,Jesé,es  ESP,FW,Paris S-G,27,1993,0.3,12,0,0,4,8,5,12,0,1,0.0,0,0,11,12,2,0,0,0,1,1,12,10,83.3,4
265,Stevan Jovetić,me  MNE,"FW,MF",Monaco,30,1989,8.9,523,7,37,249,270,64,498,16,23,69.6,16,0,353,1901,1066,57,18,7,27,17,582,382,65.6,100
266,Abdoul Kader Bamba,fr  FRA,"FW,MF",Nantes,26,1994,10.2,629,5,78,303,291,38,586,36,57,63.2,39,2,481,2293,1347,71,13,16,21,19,572,447,78.1,73
267,Tino Kadewere,zw  ZIM,FW,Lyon,24,1996,22.3,930,30,118,374,484,137,922,27,55,49.1,30,3,625,2651,1460,91,24,22,49,44,950,659,69.4,189
268,Gaël Kakuta,cd  COD,"MF,FW",Lens,29,1991,26.6,1519,9,131,801,669,67,1413,45,86,52.3,49,10,1026,4638,2411,143,36,14,69,77,1344,1104,82.1,154
269,Samuel Kalu,ng  NGA,"FW,MF",Bordeaux,22,1997,10.7,530,4,70,242,258,48,515,37,68,54.4,39,0,400,1766,1066,68,15,12,40,33,510,382,74.9,65
270,Aboubakar Kamara,mr  MTN,"FW,MF",Dijon,25,1995,6.2,234,2,17,119,117,18,227,14,24,58.3,14,0,179,859,432,21,7,2,15,19,304,180,59.2,38
271,Bingourou Kamara,sn  SEN,GK,Strasbourg,23,1996,8.0,265,233,265,0,0,0,193,0,0,,0,0,124,492,198,0,0,0,0,0,117,116,99.1,0
272,Boubacar Kamara,fr  FRA,MF,Marseille,20,1999,32.2,2387,108,671,1559,296,27,2306,28,43,65.1,29,2,1675,7016,3719,128,38,6,21,39,1787,1682,94.1,42
273,Hassane Kamara,ci  CIV,DF,Nice,25,1994,32.9,2305,101,740,1064,678,50,2054,35,62,56.5,39,4,1511,8242,4930,208,70,13,37,33,1701,1529,89.9,98
274,Wilfried Kanga,fr  FRA,FW,Angers,22,1998,1.5,28,2,2,13,14,6,24,0,0,,0,0,15,76,40,2,1,1,3,2,40,17,42.5,8
275,Eiji Kawashima,jp  JPN,GK,Strasbourg,37,1983,24.0,765,683,763,2,1,1,510,1,1,100.0,1,0,334,1797,866,0,0,0,1,0,313,309,98.7,0
276,Moise Kean,it  ITA,FW,Paris S-G,20,2000,18.9,512,10,49,216,281,91,486,28,52,53.8,32,5,333,1679,1011,55,18,14,31,40,673,368,54.7,111
277,Thilo Kehrer,de  GER,DF,Paris S-G,23,1996,18.0,1382,105,505,813,137,12,1324,4,7,57.1,4,0,977,4171,2032,58,13,0,5,4,1046,1005,96.1,12
278,Habib Keita,ml  MLI,MF,Lyon,18,2002,0.1,6,0,1,4,2,1,6,0,0,,0,0,2,11,9,1,1,0,0,0,4,3,75.0,0
279,Saîf-Eddine Khaoui,tn  TUN,"FW,MF",Marseille,25,1995,6.7,346,4,81,162,122,15,315,9,13,69.2,10,2,213,797,410,21,8,0,15,11,261,191,73.2,28
280,Wahbi Khazri,tn  TUN,FW,Saint-Étienne,29,1991,13.1,583,13,70,334,233,42,547,30,61,49.2,35,1,435,2270,1406,72,24,6,28,35,610,409,67.0,62
281,Presnel Kimpembe,fr  FRA,DF,Paris S-G,24,1995,25.6,2164,229,912,1307,60,13,2124,7,10,70.0,7,0,1580,7433,4070,97,18,0,7,5,1686,1667,98.9,2
282,Randal Kolo Muani,fr  FRA,FW,Nantes,21,1998,33.7,1120,32,100,519,575,178,1084,56,111,50.5,60,3,755,3808,2641,137,26,46,105,93,1537,783,50.9,255
283,Timothée Kolodziejczak,fr  FRA,DF,Saint-Étienne,28,1991,22.6,1571,188,877,703,74,15,1476,2,4,50.0,2,0,869,5086,2861,49,5,0,6,4,1018,990,97.2,4
284,Ghislain Konan,ci  CIV,DF,Reims,24,1995,29.0,1784,129,616,913,440,19,1517,48,68,70.6,49,0,1121,6867,4571,186,82,8,30,33,1137,1030,90.6,49
285,Moussa Konaté,sn  SEN,FW,Dijon,27,1993,13.3,437,7,32,246,176,51,402,6,11,54.5,7,0,249,921,326,16,5,3,37,15,646,312,48.3,86
286,Lamine Koné,ci  CIV,DF,Strasbourg,31,1989,11.6,568,70,341,257,22,8,547,0,2,0.0,0,0,314,2443,1306,28,5,0,3,2,354,347,98.0,1
287,Moussa Koné,sn  SEN,FW,Nîmes,23,1996,19.5,542,9,31,320,227,74,495,34,56,60.7,37,4,367,1397,701,38,13,12,61,35,830,352,42.4,117
288,Laurent Koscielny,fr  FRA,DF,Bordeaux,34,1985,24.6,1594,247,973,703,30,12,1560,3,3,100.0,3,0,1045,6426,3319,48,5,0,1,1,1070,1046,97.8,2
289,Boubakar Kouyaté,ml  MLI,DF,Metz,23,1997,21.8,1195,222,810,406,31,19,1172,4,5,80.0,4,0,575,3459,1505,17,3,0,6,6,626,601,96.0,2
290,Jean-Philippe Krasso,fr  FRA,FW,Saint-Étienne,23,1997,2.5,86,2,8,48,36,12,83,4,7,57.1,5,0,53,150,66,3,1,0,8,9,104,55,52.9,22
291,Layvin Kurzawa,fr  FRA,DF,Paris S-G,27,1992,14.2,1146,53,301,557,342,30,1029,17,31,54.8,18,0,729,2505,1371,68,20,3,22,15,816,755,92.5,53
292,Dereck Kutesa,ch  SUI,"MF,FW",Reims,22,1997,7.6,273,5,39,119,148,27,270,19,33,57.6,20,0,215,1551,1000,49,14,12,17,27,308,202,65.6,62
293,Enock Kwateng,fr  FRA,DF,Bordeaux,23,1997,11.5,793,47,257,439,133,11,697,12,18,66.7,13,0,473,2074,1290,63,15,0,9,11,495,463,93.5,10
294,Gaëtan Laborde,fr  FRA,"FW,MF",Montpellier,26,1994,36.2,1367,28,163,647,652,211,1349,34,62,54.8,37,6,767,4272,2833,152,57,27,100,53,1548,966,62.4,248
295,Tom Lacoux,fr  FRA,MF,Bordeaux,18,2002,5.8,294,22,98,175,31,0,291,6,9,66.7,6,0,185,715,265,11,4,0,7,9,186,171,91.9,6
296,Alban Lafont,fr  FRA,GK,Nantes,21,1999,38.0,1253,1047,1243,12,0,0,869,0,0,,0,0,526,2326,1279,0,0,0,0,0,467,464,99.4,0
297,Kenny Lala,fr  FRA,DF,Strasbourg,28,1991,20.4,1320,70,372,638,408,18,1052,20,34,58.8,21,0,805,4481,2594,111,44,3,26,34,872,770,88.3,40
298,Loïck Landre,fr  FRA,DF,Nîmes,28,1992,18.1,952,136,588,416,15,13,916,3,3,100.0,3,0,584,3452,2142,28,0,1,1,3,641,627,97.8,3
299,Julien Laporte,fr  FRA,DF,Lorient,26,1993,29.5,1798,228,1067,802,30,14,1760,4,5,80.0,4,0,1057,5916,3250,68,5,0,5,5,1123,1104,98.3,1
300,Gautier Larsonneur,fr  FRA,GK,Brest,23,1997,35.0,1361,1204,1358,6,0,0,976,1,1,100.0,1,0,664,3190,1911,0,0,0,1,0,605,603,99.7,0
301,Paul Lasne,fr  FRA,MF,Brest,31,1989,18.7,1238,78,470,704,120,11,1219,3,4,75.0,4,0,804,3726,1672,54,13,4,13,7,898,863,96.1,15
302,Armand Lauriente,fr  FRA,"FW,MF",Lorient,21,1998,18.0,860,9,99,405,457,70,794,54,82,65.9,57,2,679,4235,2736,132,52,27,48,61,863,607,70.3,124
303,Wesley Lautoa,nc  NCL,"MF,DF",Dijon,32,1987,17.9,994,69,408,571,65,8,977,8,10,80.0,8,0,587,2643,1413,22,3,0,10,15,691,653,94.5,10
304,Jérémy Le Douaron,fr  FRA,"FW,MF",Brest,22,1998,9.1,346,16,58,141,168,30,341,9,22,40.9,9,0,209,904,452,25,9,4,30,30,329,219,66.6,77
305,Enzo Le Fée,fr  FRA,"MF,FW",Lorient,20,2000,20.2,1172,23,214,718,346,18,1088,35,61,57.4,38,2,783,4405,2466,123,43,3,43,46,945,793,83.9,75
306,Vincent Le Goff,fr  FRA,DF,Lorient,30,1989,25.6,1502,59,449,785,360,20,1245,10,19,52.6,12,0,809,4137,2421,114,43,4,14,16,958,852,88.9,45
307,Damien Le Tallec,fr  FRA,"MF,DF",Montpellier,30,1990,13.6,557,55,185,314,81,21,544,2,2,100.0,2,0,251,1335,583,21,4,0,7,5,339,310,91.4,22
308,James Lea Siliki,cm  CMR,MF,Rennes,24,1996,2.8,179,3,23,104,63,6,179,1,5,20.0,1,0,109,611,334,12,5,0,3,1,161,143,88.8,24
309,Jean-Louis Leca,fr  FRA,GK,Lens,34,1985,36.8,1112,1004,1110,2,0,0,765,0,0,,0,0,488,2376,1234,0,0,0,0,0,439,436,99.3,0
310,Benjamin Lecomte,fr  FRA,GK,Monaco,29,1991,28.0,1063,857,1043,22,1,1,821,0,0,,0,0,529,2539,1141,1,0,0,1,0,567,565,99.6,0
311,Pierre Lees-Melou,fr  FRA,MF,Nice,27,1993,22.9,1513,69,403,842,373,39,1484,14,27,51.9,17,0,1017,5324,2845,112,42,2,20,20,1203,1067,88.7,77
312,Fabien Lemoine,fr  FRA,MF,Lorient,33,1987,21.5,1681,66,476,1083,215,21,1644,7,13,53.8,7,0,1088,4686,2070,77,21,3,23,15,1259,1177,93.5,29
313,Aaron Leya Iseka,be  BEL,FW,Metz,22,1997,11.2,319,11,33,180,129,35,308,14,23,60.9,16,0,205,849,430,30,12,10,32,20,543,252,46.4,62
314,Yanis Lhery,fr  FRA,"MF,FW",Saint-Étienne,17,2003,0.3,4,0,0,2,3,2,4,1,1,100.0,1,0,3,22,21,1,1,0,1,1,7,3,42.9,2
315,Dimitri Liénard,fr  FRA,MF,Strasbourg,32,1988,20.3,1348,20,235,771,426,19,1214,15,23,65.2,16,0,884,4814,2388,104,39,1,23,17,1006,891,88.6,56
316,Isaac Lihadji,fr  FRA,"MF,DF",Lille,18,2002,2.2,147,2,11,65,80,10,138,10,17,58.8,10,0,109,546,361,20,5,5,7,7,130,95,73.1,17
317,Pol Lirola,es  ESP,DF,Marseille,22,1997,17.3,1030,47,288,479,353,47,874,34,53,64.2,37,0,621,3779,2558,111,35,11,25,19,703,590,83.9,66
318,Anthony Lopes,pt  POR,GK,Lyon,29,1990,38.0,1265,1044,1237,32,1,0,945,1,1,100.0,1,0,573,2365,1288,1,0,0,1,0,579,577,99.7,0
319,Rony Lopes,pt  POR,"FW,MF",Nice,24,1995,19.8,990,13,113,458,503,72,888,33,57,57.9,35,4,736,4061,2167,133,38,16,47,39,900,709,78.8,122
320,Maxime Lopez,fr  FRA,"FW,MF",Marseille,22,1997,1.5,68,1,15,38,20,3,67,1,1,100.0,1,0,41,249,147,9,2,1,4,0,78,55,70.5,4
321,Dion Lopy,sn  SEN,MF,Reims,18,2002,2.8,128,4,33,78,29,2,127,6,7,85.7,6,0,109,561,287,9,3,1,5,2,108,102,94.4,5
322,Jordan Lotomba,ch  SUI,DF,Nice,21,1998,23.6,1682,71,568,837,410,33,1425,28,50,56.0,29,2,1052,5601,3373,146,47,7,22,29,1204,1071,89.0,55
323,Adrien Louveau,fr  FRA,"DF,MF",Lens,20,2000,0.1,5,1,3,2,0,0,5,0,0,,0,0,3,7,0,0,0,0,0,0,4,4,100.0,0
324,Imran Louza,fr  FRA,MF,Nantes,21,1999,26.4,1605,38,316,934,444,31,1480,20,38,52.6,22,0,947,4341,2202,95,31,6,31,31,1206,1011,83.8,79
325,Florentino Luís,pt  POR,MF,Monaco,20,1999,2.7,191,5,45,114,36,1,188,2,3,66.7,2,0,117,393,195,7,1,0,1,2,145,138,95.2,2
326,Yann M'Vila,fr  FRA,"MF,FW",Saint-Étienne,30,1990,0.2,15,0,7,8,1,0,15,0,0,,0,0,5,9,7,0,0,0,0,0,10,10,100.0,0
327,Yvann Macon,fr  FRA,DF,Saint-Étienne,21,1998,6.0,397,29,174,184,69,3,318,13,15,86.7,13,1,204,1270,771,29,13,1,7,10,209,189,90.4,8
328,Hugo Magnetti,fr  FRA,MF,Brest,22,1998,6.7,427,17,120,285,52,3,416,6,9,66.7,7,0,289,1505,948,30,7,1,7,4,300,280,93.3,5
329,Hicham Mahou,fr  FRA,DF,Nice,21,1999,0.4,25,0,7,8,11,0,23,0,0,,0,0,11,77,49,3,1,0,0,0,16,14,87.5,0
330,Habib Maïga,ci  CIV,MF,Metz,24,1996,29.9,1773,62,459,1161,279,33,1739,30,47,63.8,32,5,1174,5903,3110,127,38,5,29,41,1253,1151,91.9,42
331,Mike Maignan,fr  FRA,GK,Lille,24,1995,38.0,1142,994,1121,24,0,0,837,1,1,100.0,1,0,519,2448,1382,1,0,0,2,0,478,475,99.4,0
332,Josh Maja,ng  NGA,FW,Bordeaux,21,1998,8.9,280,10,30,161,99,30,271,6,11,54.5,7,0,195,754,298,15,3,6,19,14,367,207,56.4,69
333,Radosław Majecki,pl  POL,GK,Monaco,20,1999,1.0,39,30,39,0,0,0,27,0,0,,0,0,22,90,36,0,0,0,0,0,20,20,100.0,0
334,Abdul Majeed Waris,gh  GHA,"FW,MF",Strasbourg,28,1991,6.1,219,4,27,105,108,23,217,8,15,53.3,8,1,170,931,621,34,15,6,11,18,262,171,65.3,47
335,Marco Majouga,fr  FRA,"FW,MF",Nîmes,19,2001,1.2,46,0,4,20,29,6,46,2,3,66.7,3,0,37,276,199,11,4,2,2,2,59,36,61.0,7
336,Adilson Malanda,fr  FRA,MF,Nîmes,18,2001,0.2,10,0,1,6,3,0,9,0,1,0.0,0,0,4,7,0,0,0,0,1,1,10,8,80.0,2
337,Hianga Mananga Mbock,fr  FRA,MF,Brest,20,1999,5.1,265,10,85,173,36,2,262,7,9,77.8,7,0,210,1152,670,17,5,0,5,6,209,200,95.7,6
338,Vincent Manceau,fr  FRA,DF,Angers,31,1989,25.7,1802,79,574,923,394,7,1516,8,13,61.5,8,0,1016,4228,2442,95,33,1,10,5,1181,1101,93.2,25
339,Steve Mandanda,fr  FRA,GK,Marseille,35,1985,37.0,1401,1246,1397,8,0,0,1019,3,3,100.0,3,0,718,3276,1825,1,0,0,2,0,642,641,99.8,0
340,Reinildo Mandava,mz  MOZ,DF,Lille,26,1994,24.2,1843,72,526,942,490,15,1606,24,37,64.9,27,2,1111,4688,2611,113,41,4,13,21,1173,1087,92.7,54
341,Thomas Mangani,fr  FRA,MF,Angers,33,1987,29.9,2313,74,518,1476,422,21,2137,12,19,63.2,12,0,1439,6021,2639,86,22,3,16,18,1640,1574,96.0,33
342,Vito Mannone,it  ITA,GK,Monaco,32,1988,9.0,299,268,298,2,0,0,223,0,0,,0,0,162,580,260,0,0,0,0,0,162,161,99.4,0
343,Myziane Maolida,fr  FRA,"FW,MF",Nice,21,1999,12.0,502,12,62,206,272,47,495,25,49,51.0,25,3,414,1908,1074,60,14,10,25,28,581,403,69.4,95
344,Faitout Maouassa,fr  FRA,DF,Rennes,22,1998,13.0,995,40,266,523,286,13,857,22,37,59.5,23,0,595,3081,2034,99,35,2,23,11,698,647,92.7,18
345,Sekou Mara,fr  FRA,FW,Bordeaux,18,2002,2.5,100,1,11,52,40,10,95,5,6,83.3,5,0,60,235,102,6,1,2,13,8,121,78,64.5,19
346,Fernando Marçal,br  BRA,DF,Lyon,31,1989,0.9,77,1,15,58,16,0,73,0,0,,0,0,57,551,374,14,2,0,0,0,55,54,98.2,0
347,Marcelo,br  BRA,DF,Lyon,33,1987,32.3,2361,322,1108,1305,94,40,2306,3,4,75.0,3,0,1511,8566,5164,117,10,0,5,3,1694,1640,96.8,9
348,Dario Maresic,at  AUT,DF,Reims,20,1999,5.7,398,67,201,210,21,0,384,0,0,,0,0,239,1645,1042,24,6,0,2,1,291,286,98.3,1
349,Jordan Marié,fr  FRA,MF,Dijon,28,1991,15.9,897,28,218,598,127,4,882,14,18,77.8,14,2,532,1766,780,32,5,0,16,16,671,612,91.2,29
350,Guillermo Maripán,cl  CHI,DF,Monaco,26,1994,23.2,1841,202,904,1035,43,27,1804,1,1,100.0,1,0,1314,7533,4611,91,7,1,5,2,1438,1407,97.8,8
351,Marquinhos,br  BRA,DF,Paris S-G,26,1994,23.6,1934,231,867,1105,98,27,1903,2,4,50.0,2,0,1381,7274,4411,109,15,0,4,4,1514,1482,97.9,9
352,Jonas Martin,fr  FRA,MF,Rennes,30,1990,5.4,440,9,91,312,54,4,427,4,6,66.7,4,0,281,1006,445,18,0,1,4,9,336,315,93.8,7
353,Pablo Martinez,fr  FRA,DF,Nîmes,31,1989,6.0,365,44,214,183,3,2,350,0,0,,0,0,223,1346,853,13,1,0,1,2,239,234,97.9,0
354,Gelson Martins,pt  POR,"MF,FW",Monaco,25,1995,17.2,906,9,97,388,491,96,902,43,74,58.1,44,2,766,4026,2134,131,27,18,51,53,908,666,73.3,139
355,Sylvain Marveaux,fr  FRA,"MF,FW",Lorient,34,1986,2.2,112,6,22,66,29,4,109,4,4,100.0,4,0,88,492,292,12,3,2,3,7,92,77,83.7,9
356,Pape Matar Sarr,sn  SEN,MF,Metz,17,2002,17.7,1151,45,284,763,227,16,1138,18,30,60.0,18,0,851,6344,3057,120,52,2,28,17,870,811,93.2,24
357,Eliot Matazo,be  BEL,MF,Monaco,18,2002,3.5,125,3,32,74,25,5,125,3,7,42.9,3,0,74,330,136,0,1,0,3,2,94,76,80.9,5
358,Chrislain Matsima,fr  FRA,DF,Monaco,18,2002,3.9,306,20,100,188,38,5,294,4,5,80.0,4,0,228,1185,743,28,7,0,0,2,227,220,96.9,3
359,Tony Mauricio,fr  FRA,MF,Lens,26,1994,5.6,412,5,60,224,159,8,363,7,11,63.6,7,0,265,1093,523,21,9,3,8,11,311,280,90.0,28
360,Stephy Mavididi,eng  ENG,"FW,MF",Montpellier,22,1998,22.6,808,10,128,377,389,85,793,32,76,42.1,39,0,600,3820,2247,101,32,20,67,52,944,591,62.6,165
361,Youssef Maziz,fr  FRA,"MF,FW",Metz,22,1998,2.9,148,2,20,93,49,3,130,6,8,75.0,6,0,98,482,247,12,8,0,6,5,121,101,83.5,10
362,Kylian Mbappé,fr  FRA,FW,Paris S-G,21,1998,26.4,1442,6,59,493,1021,277,1386,88,189,46.6,98,15,1163,6385,4313,261,72,69,72,65,1616,1221,75.6,322
363,Nathanael Mbuku,fr  FRA,"MF,FW",Reims,18,2002,24.6,852,14,135,402,399,58,829,36,50,72.0,38,0,666,3682,2212,118,41,9,35,49,844,610,72.3,99
364,Facundo Medina,ar  ARG,DF,Lens,21,1999,22.3,1793,157,808,1052,52,12,1744,9,15,60.0,10,0,1246,7094,4405,136,9,0,10,13,1285,1247,97.0,4
365,Farid El Melali,dz  ALG,"FW,MF",Angers,23,1997,4.6,250,1,38,124,111,20,247,22,38,57.9,25,1,209,1150,717,34,10,7,13,22,240,183,76.3,40
366,Birger Meling,no  NOR,DF,Nîmes,25,1994,25.9,1616,104,583,728,414,41,1346,19,27,70.4,20,0,863,5108,2679,127,38,7,17,22,968,835,86.3,61
367,Houboulang Mendes,fr  FRA,DF,Lorient,22,1998,14.4,776,40,247,329,240,12,616,7,18,38.9,7,2,397,1640,953,53,20,1,24,22,465,405,87.1,40
368,Pedro Mendes,pt  POR,DF,Montpellier,29,1990,18.1,965,97,569,429,31,7,942,3,3,100.0,3,0,570,3095,1704,34,6,0,2,4,643,626,97.4,1
369,Thiago Mendes,br  BRA,MF,Lyon,28,1992,24.9,1731,59,374,1128,307,18,1678,15,22,68.2,15,0,1162,4855,2502,82,22,3,14,15,1244,1187,95.4,38
370,Batista Mendy,fr  FRA,MF,Nantes,20,2000,0.8,45,3,10,38,3,0,44,2,2,100.0,2,0,33,190,109,5,1,0,1,2,35,31,88.6,3
371,Edouard Mendy,sn  SEN,GK,Rennes,28,1992,1.0,30,26,30,1,0,0,22,0,0,,0,0,17,91,64,0,0,0,0,0,16,16,100.0,0
372,Mexer,mz  MOZ,DF,Bordeaux,31,1988,7.9,529,65,278,255,25,5,501,5,6,83.3,5,0,344,1705,836,16,3,0,0,2,351,340,96.9,0
373,Clément Michelin,fr  FRA,DF,Lens,23,1997,12.8,806,43,196,387,267,17,664,4,7,57.1,4,0,418,2105,1195,54,16,2,7,8,506,448,88.5,30
374,Edouard Michut,fr  FRA,MF,Paris S-G,17,2003,0.0,0,0,0,0,0,0,0,0,0,,0,0,0,0,0,0,0,0,0,0,1,0,0.0,0
375,Florian Miguel,fr  FRA,DF,Nîmes,23,1996,17.1,1121,124,660,484,63,12,1052,2,4,50.0,3,0,691,4261,2290,28,3,1,4,5,749,722,96.4,8
376,Arkadiusz Milik,pl  POL,FW,Marseille,26,1994,13.6,457,12,33,219,220,69,425,7,13,53.8,9,2,267,992,507,30,6,5,39,14,667,345,51.7,110
377,Enzo Millot,fr  FRA,MF,Monaco,18,2002,0.5,36,0,2,21,17,2,30,0,0,,0,0,19,59,25,2,1,1,1,3,28,22,78.6,3
378,Stefan Mitrović,rs  SRB,DF,Strasbourg,30,1990,30.9,1499,235,944,621,31,21,1446,2,2,100.0,2,0,893,5768,3238,42,1,0,5,5,966,947,98.0,9
379,Anthony Modeste,fr  FRA,FW,Saint-Étienne,32,1988,3.3,89,5,12,49,31,13,88,1,2,50.0,2,0,41,126,51,4,2,1,9,3,156,70,44.9,14
380,Terem Moffi,ng  NGA,FW,Lorient,21,1999,23.0,699,10,25,362,369,104,657,25,50,50.0,28,1,436,1751,1060,62,24,14,93,59,1073,499,46.5,170
381,Dion Moise Sahi,ci  CIV,"FW,MF",Strasbourg,18,2001,1.0,48,0,4,23,26,3,46,4,6,66.7,5,0,40,303,196,8,4,0,3,4,54,29,53.7,5
382,Florent Mollet,fr  FRA,MF,Montpellier,28,1991,26.2,1500,25,255,814,536,48,1378,17,35,48.6,18,1,1036,6012,2629,126,39,7,25,32,1305,1076,82.5,118
383,Thomas Monconduit,fr  FRA,MF,Lorient,29,1991,12.8,841,32,227,532,135,7,811,8,17,47.1,8,0,500,2546,1536,49,13,1,14,15,639,577,90.3,27
384,Kévin Monnet-Paquet,fr  FRA,"MF,FW",Saint-Étienne,31,1988,6.3,318,5,53,134,147,24,305,7,19,36.8,9,0,210,935,408,22,4,4,9,23,273,203,74.4,32
385,Jérémy Morel,mg  MAD,DF,Lorient,36,1984,27.7,1512,182,813,692,77,9,1413,6,14,42.9,7,1,840,4219,2165,43,4,0,6,8,941,914,97.1,9
386,Aimen Moueffek,fr  FRA,"DF,MF",Saint-Étienne,19,2001,8.3,499,35,167,301,71,7,441,19,31,61.3,21,1,299,1685,1054,39,11,0,8,18,278,249,89.6,8
387,Harold Moukoudi,cm  CMR,DF,Saint-Étienne,22,1997,25.3,1391,166,772,657,40,17,1356,10,11,90.9,10,1,836,4102,2289,46,10,0,5,9,913,880,96.4,2
388,Jessy Moulin,fr  FRA,GK,Saint-Étienne,34,1986,29.0,944,855,942,2,0,0,669,0,0,,0,0,434,1939,1101,0,0,0,1,0,371,367,98.9,0
389,Steve Mounié,bj  BEN,FW,Brest,25,1994,29.8,1099,44,132,522,506,168,1085,19,32,59.4,22,1,525,2472,978,50,19,4,77,49,1373,833,60.7,187
390,Samuel Moutoussamy,cd  COD,FW,Nantes,23,1996,0.9,37,0,3,18,19,0,36,0,0,,0,0,31,98,62,5,2,0,3,0,45,33,73.3,6
391,Loris Mouyokolo,cg  CGO,DF,Lorient,19,2001,0.2,9,2,6,3,0,0,9,0,0,,0,0,6,31,0,0,0,0,1,0,4,4,100.0,0
392,Benoît Mukinayi,fr  FRA,DF,Monaco,19,2001,31.9,2698,250,1171,1623,76,28,2655,4,4,100.0,4,0,1762,8927,5233,140,14,0,7,5,2006,1979,98.7,12
393,Marshall Munetsi,zw  ZIM,"MF,DF",Reims,24,1996,21.4,1159,156,516,591,121,16,1148,12,15,80.0,15,1,683,3493,1613,45,11,1,21,21,748,685,91.6,14
394,Kévin N'Doram,fr  FRA,MF,Metz,24,1996,3.4,150,2,47,113,3,0,143,2,4,50.0,2,0,107,622,338,13,0,0,1,4,123,116,94.3,2
395,Stanley N'Soki,fr  FRA,DF,Nice,21,1999,13.8,1184,104,525,644,78,16,1135,4,9,44.4,6,0,777,4140,2300,63,5,2,8,14,854,832,97.4,6
396,Yuto Nagatomo,jp  JPN,DF,Marseille,33,1986,17.7,974,53,282,518,218,8,806,10,19,52.6,11,0,542,2411,1070,55,15,0,14,17,616,519,84.3,29
397,Kenny Nagera,fr  FRA,FW,Paris S-G,18,2002,0.0,4,0,0,0,4,2,4,1,1,100.0,1,0,4,5,1,1,0,1,0,0,4,3,75.0,1
398,Paul Nardi,fr  FRA,GK,Lorient,26,1994,23.0,692,608,690,5,0,0,430,0,0,,0,0,266,1219,696,0,0,0,0,0,215,214,99.5,0
399,Keylor Navas,cr  CRC,GK,Paris S-G,33,1986,28.0,798,732,796,3,0,0,595,1,1,100.0,1,0,359,1572,875,0,0,0,0,0,384,382,99.5,0
400,Papa Ndiaga Yade,sn  SEN,"FW,MF",Metz,20,2000,11.1,445,7,58,191,240,38,432,27,42,64.3,29,1,330,2027,1314,66,21,10,31,36,506,304,60.1,70
401,Bridge Ndilu,fr  FRA,"FW,MF",Nantes,20,2000,0.5,34,0,4,16,18,3,34,2,4,50.0,2,0,26,138,74,4,1,0,2,1,35,28,80.0,6
402,Dan Ndoye,ch  SUI,"FW,MF",Nice,19,2000,6.1,282,7,46,105,149,42,273,12,23,52.2,13,0,216,1155,698,32,5,13,22,15,309,211,68.3,60
403,Neymar,br  BRA,"MF,FW",Paris S-G,28,1992,15.7,1337,1,87,643,779,132,1246,97,166,58.4,107,18,1108,6330,3851,217,72,23,63,68,1290,1107,85.8,183
404,Yvan Neyou,cm  CMR,MF,Saint-Étienne,23,1997,27.1,1564,34,462,1026,221,22,1546,60,77,77.9,66,3,1128,6483,3282,122,26,1,19,25,1184,1106,93.4,43
405,Muzinga Ngonda,cd  COD,DF,Dijon,25,1994,25.6,1997,108,695,1039,386,13,1712,41,60,68.3,43,1,1182,4926,2809,130,51,3,24,33,1203,1124,93.4,39
406,Ahmad Ngouyamsa,cm  CMR,DF,Dijon,19,2000,1.7,118,11,57,58,12,0,96,0,3,0.0,0,0,50,233,109,2,1,0,2,0,54,53,98.1,0
407,Opa Nguette,sn  SEN,"FW,MF",Metz,26,1994,12.6,495,7,53,232,252,61,487,35,56,62.5,38,1,371,1628,915,47,17,9,48,56,633,362,57.2,96
408,Ibrahima Niane,sn  SEN,FW,Metz,21,1999,7.4,258,8,17,128,130,36,246,11,21,52.4,12,1,153,645,269,17,4,3,34,15,353,200,56.7,75
409,M'Baye Niang,sn  SEN,FW,Rennes,25,1994,4.7,141,5,11,66,70,26,134,1,4,25.0,1,0,93,293,66,2,0,1,13,13,240,109,45.4,40
410,Casimir Ninga,td  CHA,FW,Angers,27,1993,0.3,15,2,3,9,5,0,15,2,3,66.7,3,0,14,63,56,3,0,0,1,1,18,11,61.1,5
411,Arnaud Nordin,fr  FRA,"MF,FW",Saint-Étienne,22,1998,19.7,759,10,118,375,354,62,722,32,57,56.1,34,2,559,3813,2208,90,35,14,35,44,808,550,68.1,98
412,Olivier Ntcham,fr  FRA,MF,Marseille,24,1996,1.3,71,3,18,50,10,1,65,2,6,33.3,2,0,51,255,122,6,2,0,1,1,60,48,80.0,2
413,Gerzino Nyamsi,fr  FRA,DF,Rennes,23,1997,9.7,746,58,348,424,28,8,744,3,6,50.0,3,0,512,2812,1495,32,5,0,4,3,569,559,98.2,1
414,Steven Nzonzi,fr  FRA,MF,Rennes,31,1988,32.3,3087,70,713,2149,375,32,3030,14,15,93.3,14,0,2114,8241,3926,169,57,3,15,14,2646,2538,95.9,62
415,Jonas Omlin,ch  SUI,GK,Montpellier,26,1994,29.7,1052,924,1045,6,1,0,714,1,1,100.0,1,0,451,2458,1467,0,0,0,0,0,360,357,99.2,0
416,Henry Onyekuru,ng  NGA,FW,Monaco,23,1997,1.6,46,0,7,22,25,5,46,4,6,66.7,4,0,33,246,166,8,5,1,2,2,68,36,52.9,11
417,Otávio,br  BRA,MF,Bordeaux,26,1994,17.3,1093,62,355,713,84,2,1074,6,12,50.0,7,1,738,2985,1275,33,7,0,8,8,783,751,95.9,3
418,Remi Oudin,fr  FRA,"FW,MF",Bordeaux,23,1996,26.9,1404,60,295,648,553,79,1328,17,48,35.4,20,2,889,4548,2272,117,35,20,48,35,1251,970,77.5,153
419,Alexandre Oukidja,dz  ALG,GK,Metz,32,1988,34.0,1124,977,1112,13,1,0,742,3,3,100.0,3,0,445,2574,1402,0,0,0,1,0,344,341,99.1,0
420,Zinédine Ould Khaled,fr  FRA,MF,Angers,20,2000,0.4,21,0,3,17,4,0,20,0,2,0.0,1,0,14,90,54,2,2,0,0,0,20,18,90.0,1
421,Ambroise Oyongo,cm  CMR,DF,Montpellier,29,1991,6.2,377,35,144,189,69,1,319,2,5,40.0,2,0,227,1098,534,26,5,0,5,4,238,221,92.9,6
422,Pablo,br  BRA,DF,Bordeaux,29,1991,12.0,841,109,499,373,15,12,833,0,0,,0,0,546,2761,1269,14,0,0,5,3,579,566,97.8,0
423,Vincent Pajot,fr  FRA,MF,Metz,29,1990,10.2,627,16,166,411,75,10,602,4,5,80.0,4,0,369,1799,801,32,6,0,2,7,449,409,91.1,14
424,Nicolas Pallois,fr  FRA,DF,Nantes,32,1987,30.8,1662,212,810,884,53,18,1612,20,30,66.7,21,1,909,4969,2764,76,11,0,6,10,889,856,96.3,6
425,Jonathan Panzo,eng  ENG,DF,Dijon,19,2000,20.0,1324,212,861,528,31,9,1297,13,15,86.7,13,0,860,5170,2597,51,8,0,6,2,911,894,98.1,1
426,Lucas Paquetá,br  BRA,MF,Lyon,22,1997,25.3,1595,33,280,909,499,82,1556,30,53,56.6,31,3,1150,5179,2924,142,34,10,40,45,1320,1146,86.8,124
427,Gaëtan Paquiez,fr  FRA,DF,Nîmes,26,1994,11.6,590,52,197,282,148,7,460,6,14,42.9,7,0,260,1456,986,37,17,1,7,4,305,262,85.9,11
428,Rubén Pardo,es  ESP,"MF,FW",Bordeaux,27,1992,0.3,15,0,1,9,6,0,14,0,0,,0,0,10,35,6,0,0,0,1,0,12,12,100.0,1
429,Leandro Paredes,ar  ARG,MF,Paris S-G,26,1994,14.5,1592,58,352,1112,226,5,1546,6,9,66.7,6,0,1211,5121,2909,96,26,0,6,5,1341,1318,98.3,11
430,Mateo Pavlović,ba  BIH,DF,Angers,30,1990,12.3,631,76,353,318,7,7,613,0,0,,0,0,351,1973,947,17,0,0,1,1,398,389,97.7,3
431,Strahinja Pavlović,rs  SRB,DF,Monaco,19,2001,0.0,3,0,2,0,1,1,3,0,0,,0,0,0,0,0,0,0,0,0,0,1,1,100.0,1
432,Dimitri Payet,fr  FRA,"FW,MF",Marseille,33,1987,26.9,1704,22,152,886,763,82,1524,39,61,63.9,40,0,1183,5477,3212,184,50,23,33,55,1554,1291,83.1,200
433,Yohann Pelé,fr  FRA,GK,Marseille,37,1982,1.0,27,24,26,1,0,0,21,0,0,,0,0,7,27,26,0,0,0,0,0,11,11,100.0,0
434,Pietro Pellegri,it  ITA,"FW,MF",Monaco,19,2001,2.6,84,0,7,33,52,20,83,3,6,50.0,4,0,52,336,213,10,2,5,7,11,143,64,44.8,22
435,Andy Pelmard,fr  FRA,DF,Nice,20,2000,13.4,1033,77,450,599,69,2,964,7,9,77.8,7,0,730,4721,2656,72,10,1,7,7,771,745,96.6,3
436,Timothee Pembele,fr  FRA,DF,Paris S-G,17,2002,4.3,307,21,94,165,72,12,286,7,13,53.8,7,0,216,988,591,27,12,3,5,4,241,228,94.6,8
437,Mathias Pereira Lage,pt  POR,"FW,MF",Angers,23,1996,16.3,689,27,125,363,256,30,667,20,35,57.1,22,0,434,2046,1054,49,31,3,24,36,677,461,68.1,75
438,Danilo Pereira,pt  POR,"MF,DF",Paris S-G,28,1991,15.9,1332,76,421,891,107,15,1318,9,10,90.0,9,1,949,4372,2182,66,14,0,6,13,1045,1015,97.1,8
439,Manuel Perez,fr  FRA,MF,Lens,29,1991,1.4,59,5,13,39,9,0,56,0,0,,0,0,29,120,43,3,1,0,1,2,31,30,96.8,1
440,Romain Perraud,fr  FRA,DF,Brest,22,1997,34.9,2446,127,866,1061,728,49,2070,32,59,54.2,35,3,1546,8719,5257,187,83,15,27,22,1668,1492,89.4,82
441,Lucas Perrin,fr  FRA,DF,Marseille,21,1998,3.4,209,25,95,115,16,6,200,1,3,33.3,2,0,120,676,368,16,3,0,1,0,136,130,95.6,1
442,Rayan Philippe,fr  FRA,FW,Dijon,19,2000,1.0,33,1,1,14,20,8,29,0,1,0.0,0,0,20,50,15,2,1,1,6,6,39,22,56.4,7
443,Jérémy Pied,fr  FRA,DF,Lille,31,1989,3.5,311,8,68,174,97,4,271,2,2,100.0,2,0,179,1079,650,39,14,0,0,5,215,199,92.6,11
444,Ronaël Pierre-Gabriel,fr  FRA,DF,Brest,22,1998,25.6,1654,99,564,816,367,21,1392,42,59,71.2,42,1,1028,4639,2646,93,26,5,12,16,1091,993,91.0,50
445,Maxime Poundjé,fr  FRA,DF,Bordeaux,27,1992,5.5,316,15,94,175,79,1,274,11,15,73.3,11,1,206,1317,775,37,9,0,4,7,219,205,93.6,5
446,Sanjin Prcić,ba  BIH,MF,Strasbourg,26,1993,3.9,273,5,74,175,49,1,256,1,2,50.0,2,0,179,925,511,18,3,0,2,1,194,182,93.8,3
447,Nicolas de Préville,fr  FRA,"FW,MF",Bordeaux,29,1991,17.9,929,8,116,500,390,71,856,30,66,45.5,33,1,648,3529,1810,85,33,11,50,61,923,658,71.3,121
448,Anthony Racioppi,ch  SUI,GK,Dijon,21,1998,21.0,709,652,707,2,0,0,467,2,2,100.0,2,0,276,1098,611,0,0,0,1,0,264,262,99.2,0
449,Nemanja Radonjić,rs  SRB,FW,Marseille,24,1996,4.4,211,2,30,91,104,22,207,8,19,42.1,8,1,152,850,610,38,4,8,7,15,246,151,61.4,30
450,Aleksandar Radovanović,rs  SRB,DF,Lens,26,1993,1.0,51,4,27,26,0,0,49,0,0,,0,0,29,138,41,0,0,0,0,0,35,34,97.1,0
451,Rafinha,br  BRA,MF,Paris S-G,27,1993,15.1,1396,16,202,836,459,36,1360,30,49,61.2,33,3,1091,5504,3031,164,53,8,30,32,1235,1116,90.4,77
452,Predrag Rajković,rs  SRB,GK,Reims,24,1995,36.5,1564,1270,1551,18,0,0,1108,0,0,,0,0,776,4064,2085,0,0,0,0,1,704,703,99.9,0
453,Panagiotis Retsos,gr  GRE,DF,Saint-Étienne,21,1998,3.0,215,29,116,109,8,2,211,4,4,100.0,4,0,139,912,622,18,3,0,0,1,142,136,95.8,1
454,Baptiste Reynet,fr  FRA,GK,Nîmes,29,1990,38.0,1706,1408,1694,14,4,2,1252,1,1,100.0,1,0,857,4133,2435,0,0,0,0,0,824,823,99.9,1
455,Sergio Rico,es  ESP,GK,Paris S-G,26,1993,9.0,237,208,236,1,0,0,174,0,0,,0,0,102,374,188,0,0,0,2,0,102,100,98.0,0
456,Renaud Ripart,fr  FRA,"MF,FW",Nîmes,27,1993,33.9,1682,71,346,842,589,96,1575,40,85,47.1,46,4,987,4516,2319,105,30,9,64,56,1421,1053,74.1,150
457,Mihailo Ristić,rs  SRB,DF,Montpellier,24,1995,24.8,1565,103,470,752,448,16,1324,19,40,47.5,22,4,896,5385,2860,115,45,3,25,30,991,894,90.2,47
458,Maxence Rivera,fr  FRA,"MF,FW",Saint-Étienne,18,2002,2.7,166,3,34,90,62,2,163,5,14,35.7,6,1,112,617,400,15,7,1,12,5,140,112,80.0,21
459,Christopher Rocchia,fr  FRA,DF,Marseille,22,1998,0.2,21,1,4,11,10,0,17,0,1,0.0,0,0,13,60,47,1,1,0,2,1,13,12,92.3,1
460,Valentin Rongier,fr  FRA,MF,Marseille,25,1994,21.0,1643,42,359,1117,272,18,1618,23,34,67.6,26,0,1072,5008,2516,110,28,4,22,19,1285,1178,91.7,53
461,Nolan Roux,fr  FRA,FW,Nîmes,32,1988,7.2,224,4,24,116,97,14,209,3,3,100.0,3,0,131,558,237,14,4,2,16,12,311,154,49.5,55
462,Daniele Rugani,it  ITA,DF,Rennes,26,1994,1.0,70,5,35,40,1,1,69,1,1,100.0,1,0,55,230,131,1,0,0,0,0,51,51,100.0,0
463,Kays Ruiz,ma  MAR,"FW,MF",Paris S-G,17,2002,2.1,209,4,49,121,75,4,209,5,10,50.0,6,2,173,983,552,24,15,1,3,4,198,187,94.4,8
464,Georginio Rutter,fr  FRA,"FW,MF",Rennes,18,2002,0.5,32,0,3,18,15,3,30,0,4,0.0,1,0,16,15,10,1,0,0,5,2,38,20,52.6,4
465,Roli Pereira de Sa,fr  FRA,"MF,FW",Nantes,23,1996,0.6,56,0,8,33,18,2,55,4,5,80.0,4,0,49,249,131,5,1,1,0,0,43,42,97.7,1
466,Idriss Saadi,dz  ALG,"FW,MF",Strasbourg,28,1992,1.4,44,0,2,12,31,13,42,2,3,66.7,2,0,30,172,47,4,0,1,2,2,61,33,54.1,17
467,Youssouf Sabaly,sn  SEN,DF,Bordeaux,27,1993,32.3,2310,111,665,1225,562,26,1957,45,79,57.0,51,5,1446,6701,4076,169,56,7,31,36,1569,1423,90.7,58
468,Mathys Saban,fr  FRA,FW,Saint-Étienne,18,2002,0.1,4,0,0,3,1,0,4,0,0,,0,0,4,13,1,0,0,0,0,1,4,4,100.0,1
469,Hiroki Sakai,jp  JPN,DF,Marseille,30,1990,26.5,1790,82,530,978,370,30,1502,12,23,52.2,12,0,913,4329,2573,101,29,7,17,22,1137,1012,89.0,48
470,Moïse Sakava,cm  CMR,MF,Reims,19,2000,0.1,8,0,1,4,4,0,8,0,0,,0,0,5,30,17,1,0,0,0,0,7,7,100.0,0
471,William Saliba,fr  FRA,DF,Nice,19,2001,20.0,1611,280,948,795,32,8,1577,9,11,81.8,10,0,1217,9186,5964,108,13,0,5,4,1215,1199,98.7,0
472,Romain Salin,fr  FRA,GK,Rennes,36,1984,15.0,579,455,576,5,0,0,419,0,0,,0,0,272,1354,756,0,0,0,0,0,246,245,99.6,0
473,Mama Samba Baldé,gw  GNB,FW,Dijon,24,1995,24.0,862,26,79,429,406,122,830,28,61,45.9,36,3,523,2038,1019,60,17,14,91,62,1221,611,50.0,190
474,Junior Sambia,fr  FRA,"DF,MF",Montpellier,23,1996,27.2,1665,76,464,837,497,34,1407,41,84,48.8,45,5,1012,4993,3310,151,60,11,27,46,1132,1002,88.5,60
475,Frédéric Sammaritano,fr  FRA,"FW,MF",Dijon,34,1986,12.6,613,10,92,307,256,27,556,14,19,73.7,14,1,414,2144,1160,64,18,1,19,27,587,442,75.3,76
476,Renato Sanches,pt  POR,MF,Lille,22,1997,14.1,1177,29,209,739,335,24,1122,38,58,65.5,40,3,936,4389,2729,118,32,13,29,31,1003,916,91.3,47
477,Morgan Sanson,fr  FRA,MF,Marseille,25,1994,9.2,452,8,75,271,144,18,439,8,15,53.3,10,1,289,1711,914,43,11,1,23,23,420,310,73.8,41
478,Baptiste Santamaria,fr  FRA,MF,Angers,25,1995,3.0,193,5,45,124,38,3,187,1,1,100.0,1,0,127,658,348,10,4,0,4,4,127,122,96.1,4
479,Pablo Sarabia,es  ESP,"FW,MF",Paris S-G,28,1992,14.7,790,15,86,350,409,85,752,11,22,50.0,12,1,568,3022,1784,100,32,14,25,17,786,623,79.3,137
480,Bouna Sarr,gn  GUI,DF,Marseille,28,1992,0.8,76,4,17,32,31,1,64,2,4,50.0,2,0,51,235,161,7,2,0,4,1,60,47,78.3,3
481,Sidy Sarr,sn  SEN,MF,Nîmes,24,1996,5.1,264,10,77,157,47,7,255,5,5,100.0,5,0,173,749,381,9,1,0,4,3,195,166,85.1,7
482,Téji Savanier,fr  FRA,MF,Montpellier,28,1991,24.1,1583,37,296,860,554,45,1410,62,85,72.9,65,5,975,5417,2901,124,38,6,40,54,1079,960,89.0,82
483,Aurélien Scheidler,fr  FRA,FW,Dijon,22,1998,3.8,113,6,10,68,45,8,104,1,4,25.0,1,0,63,289,102,6,4,0,6,6,172,81,47.1,34
484,Morgan Schneiderlin,fr  FRA,MF,Nice,30,1989,24.4,1826,97,572,1167,213,18,1782,11,15,73.3,12,2,1235,5705,2718,79,21,1,11,6,1379,1335,96.8,22
485,Malik Sellouki,fr  FRA,"FW,MF",Nice,20,2000,0.7,52,0,3,19,35,3,49,3,7,42.9,4,1,39,130,81,4,3,0,8,2,47,42,89.4,10
486,Matz Sels,be  BEL,GK,Strasbourg,28,1992,6.0,188,170,188,0,0,0,122,0,0,,0,0,74,397,228,0,0,0,0,0,68,67,98.5,0
487,Jean Seri,ci  CIV,MF,Bordeaux,29,1991,7.9,595,22,152,395,78,5,578,8,10,80.0,8,0,429,1869,897,32,5,1,7,9,452,428,94.7,6
488,Mahame Siby,fr  FRA,"MF,FW",Strasbourg,24,1996,0.2,14,0,5,8,2,0,14,0,0,,0,0,12,35,20,2,1,0,1,0,15,12,80.0,0
489,Abdoulaye Sidibé,fr  FRA,MF,Saint-Étienne,18,2002,0.1,4,0,1,2,1,0,4,0,0,,0,0,2,12,8,1,0,0,1,0,5,1,20.0,0
490,Djibril Sidibé,fr  FRA,DF,Monaco,28,1992,22.0,2040,82,586,1216,396,6,1726,10,16,62.5,11,0,1253,7063,4187,113,32,1,7,12,1322,1269,96.0,13
491,Kaj Sierhuis,nl  NED,FW,Reims,22,1998,7.2,250,4,20,111,130,37,241,10,14,71.4,11,1,151,577,294,20,9,3,23,14,297,186,62.6,57
492,Caio Henrique Oliveira Silva,br  BRA,DF,Monaco,23,1997,26.3,1703,54,421,818,603,51,1420,17,27,63.0,19,0,1088,6522,3991,189,61,13,35,12,1204,1054,87.5,110
493,Florent da Silva,fr  FRA,FW,Lyon,17,2003,0.0,1,0,0,0,1,0,1,0,0,,0,0,1,1,0,0,0,0,0,0,1,1,100.0,0
494,Gabriel Silva,br  BRA,DF,Saint-Étienne,29,1991,3.9,267,9,80,155,49,0,223,4,5,80.0,4,0,154,640,299,11,7,0,4,0,172,158,91.9,7
495,Mohamed Simakan,fr  FRA,DF,Strasbourg,20,2000,17.9,1042,102,451,553,110,27,978,10,15,66.7,10,1,704,4336,2591,73,13,4,5,8,672,638,94.9,19
496,Moses Simon,ng  NGA,"FW,MF",Nantes,25,1995,25.8,1044,20,136,388,607,122,971,50,96,52.1,52,2,763,4643,2914,152,40,41,53,64,1078,710,65.9,156
497,Xavi Simons,nl  NED,MF,Paris S-G,17,2003,0.0,11,0,0,3,8,1,11,0,0,,0,0,8,20,16,3,0,1,0,0,9,8,88.9,1
498,Issouf Sissokho,ml  MLI,MF,Bordeaux,18,2002,0.9,59,3,17,33,10,0,59,0,1,0.0,1,0,40,234,104,5,0,0,0,2,44,41,93.2,1
499,Ibrahima Sissoko,fr  FRA,MF,Strasbourg,22,1997,28.7,1471,71,374,925,281,34,1455,25,39,64.1,27,3,961,5025,2621,118,38,5,30,32,1035,917,88.6,47
500,Nelson Sissoko,fr  FRA,DF,Saint-Étienne,23,1997,5.3,336,18,116,182,63,1,274,6,11,54.5,6,1,186,1083,556,24,8,0,3,3,179,173,96.6,9
501,Jacques Siwe,fr  FRA,FW,Dijon,19,2001,1.9,65,1,9,27,35,6,63,2,4,50.0,2,0,33,169,132,6,4,0,6,4,86,45,52.3,11
502,Petar Škuletić,rs  SRB,"FW,MF",Montpellier,30,1990,2.6,117,6,14,54,56,23,112,1,1,100.0,1,0,48,163,58,5,2,1,14,7,184,88,47.8,22
503,Islam Slimani,dz  ALG,FW,Lyon,32,1988,6.4,316,7,20,142,169,49,305,3,6,50.0,4,1,172,624,295,15,7,1,16,10,396,256,64.6,72
504,Brandon Soppy,fr  FRA,DF,Rennes,18,2002,6.2,496,29,158,261,115,9,435,9,16,56.3,9,0,327,1567,926,46,17,6,4,10,337,308,91.4,10
505,Florian Sotoca,fr  FRA,FW,Lens,29,1990,26.8,1239,21,89,629,592,148,1195,24,45,53.3,25,0,757,3696,1724,99,33,13,56,39,1446,954,66.0,277
506,Cheick Souaré,fr  FRA,MF,Marseille,17,2002,0.1,6,0,1,3,2,0,6,0,0,,0,0,1,13,0,0,0,0,0,0,3,2,66.7,0
507,Rayan Souici,fr  FRA,DF,Saint-Étienne,22,1998,0.1,9,0,3,7,0,0,9,0,0,,0,0,6,23,17,0,0,0,0,0,5,5,100.0,0
508,Adama Soumaoro,fr  FRA,DF,Lille,28,1992,1.6,130,6,59,73,4,1,128,0,0,,0,0,94,313,139,3,1,0,0,0,102,101,99.0,0
509,Boubakary Soumaré,fr  FRA,MF,Lille,21,1999,21.3,1747,46,322,1309,249,12,1724,24,28,85.7,24,0,1220,7150,3343,136,38,0,11,23,1421,1364,96.0,37
510,Yaya Soumaré,fr  FRA,FW,Lyon,20,2000,0.0,3,0,2,1,0,0,3,0,0,,0,0,1,0,0,0,0,0,0,0,4,1,25.0,0
511,Arnaud Souquet,fr  FRA,DF,Montpellier,28,1992,13.6,834,57,292,345,240,12,680,9,18,50.0,10,1,394,2291,1370,66,22,2,16,16,467,424,90.8,23
512,Ansou Sow,fr  FRA,MF,Lens,20,2000,0.1,4,1,2,2,0,0,4,0,0,,0,0,1,9,0,0,0,0,0,0,4,2,50.0,0
513,Saidou Sow,gn  GUI,DF,Saint-Étienne,18,2002,11.1,691,75,411,305,8,2,681,3,3,100.0,3,0,426,2121,941,14,0,0,6,3,432,421,97.5,0
514,Kevin Strootman,nl  NED,MF,Marseille,30,1990,2.6,219,14,51,149,29,4,214,1,2,50.0,1,0,124,546,301,10,1,1,2,5,165,154,93.3,3
515,Abdoulaye Sylla,gn  GUI,DF,Nantes,20,2000,0.1,9,1,3,4,2,0,6,0,0,,0,0,1,14,9,1,0,0,0,0,2,1,50.0,0
516,Issiaga Sylla,gn  GUI,DF,Lens,26,1994,12.4,843,31,176,444,281,19,700,22,37,59.5,22,0,466,2315,1321,66,26,2,14,17,577,479,83.0,48
517,Eddy Sylvestre,fr  FRA,"FW,MF",Nice,20,1999,1.1,47,0,5,25,20,2,44,1,2,50.0,1,0,34,105,45,4,1,0,2,2,50,38,76.0,5
518,Waniss Taibi,fr  FRA,MF,Angers,18,2002,0.4,34,0,3,22,10,3,34,0,1,0.0,0,0,31,163,102,4,0,0,0,0,34,32,94.1,3
519,Flavien Tait,fr  FRA,"MF,FW",Rennes,27,1993,15.2,1028,16,166,580,368,55,1001,28,48,58.3,28,0,750,4081,2348,137,44,10,22,30,881,761,86.4,83
520,Heriberto Tavares,pt  POR,"MF,FW",Brest,23,1997,0.5,20,0,2,11,8,2,19,0,1,0.0,1,0,12,30,9,1,0,0,2,1,16,14,87.5,2
521,Warren Tchimbembé,fr  FRA,"MF,FW",Metz,22,1998,5.5,299,9,85,186,53,6,292,2,3,66.7,2,0,200,1149,608,23,11,0,7,8,261,216,82.8,11
522,Aurélien Tchouaméni,fr  FRA,MF,Monaco,20,2000,34.0,2299,81,490,1514,440,57,2264,33,42,78.6,34,1,1507,8045,3605,151,47,4,24,46,1601,1491,93.1,61
523,Martin Terrier,fr  FRA,"FW,MF",Rennes,23,1997,27.1,1104,7,82,499,589,144,1074,26,46,56.5,27,0,701,3501,1919,97,37,19,65,41,1262,832,65.9,249
524,Kenny Tete,nl  NED,DF,Lyon,24,1995,0.2,31,1,10,12,10,1,27,0,0,,0,0,20,82,21,1,0,1,1,2,19,19,100.0,2
525,Florian Thauvin,fr  FRA,"FW,MF",Marseille,27,1993,30.4,1815,21,194,873,889,127,1672,59,104,56.7,63,4,1294,7323,4355,253,73,35,67,74,1787,1384,77.4,202
526,Sada Thioub,sn  SEN,"FW,MF",Angers,25,1995,14.0,814,13,142,411,348,55,800,38,70,54.3,40,1,660,4059,2418,130,40,11,41,43,780,632,81.0,109
527,Romain Thomas,fr  FRA,DF,Angers,32,1988,33.6,2008,282,1182,900,29,24,1943,4,5,80.0,4,0,1146,5147,2374,32,1,0,7,6,1284,1233,96.0,6
528,Adrien Thomasson,fr  FRA,MF,Strasbourg,26,1993,29.2,1500,10,182,745,641,135,1453,27,58,46.6,30,2,1052,4280,1764,88,25,14,54,59,1419,1050,74.0,185
529,Khéphren Thuram-Ulie,fr  FRA,MF,Nice,19,2001,16.6,1108,48,319,718,163,14,1092,16,20,80.0,17,0,746,4463,2434,75,24,2,13,10,907,843,92.9,25
530,Cheikh Tidiane Sabaly,sn  SEN,MF,Metz,21,1999,0.1,8,0,1,3,6,0,8,0,0,,0,0,8,34,19,1,1,0,1,1,7,7,100.0,1
531,Jean-Clair Todibo,fr  FRA,DF,Nice,20,1999,14.8,1261,177,706,622,33,13,1230,15,20,75.0,15,1,943,6694,3725,91,7,0,6,6,953,942,98.8,2
532,Karl Toko Ekambi,cm  CMR,FW,Lyon,27,1992,31.2,1349,13,131,643,701,194,1334,63,101,62.4,70,6,998,6473,3998,217,71,46,65,49,1525,1091,71.5,278
533,Tyron Tormin,fr  FRA,"MF,FW",Saint-Étienne,19,2001,0.2,10,0,2,7,1,0,10,0,0,,0,0,5,21,5,0,0,0,0,0,17,7,41.2,0
534,Abdoulaye Touré,fr  FRA,MF,Nantes,26,1994,18.7,1145,37,203,770,236,21,1140,17,32,53.1,20,3,748,3197,1540,75,28,0,20,20,905,823,90.9,27
535,Amadou Traore,fr  FRA,"MF,FW",Bordeaux,18,2002,3.4,173,3,30,67,89,18,164,8,15,53.3,8,0,133,866,560,30,5,10,13,19,173,124,71.7,23
536,Boubacar Traoré,ml  MLI,MF,Metz,18,2001,0.6,60,0,6,44,12,0,59,1,1,100.0,1,0,43,220,98,8,1,0,2,2,46,45,97.8,1
537,Charles Traore,ml  MLI,DF,Nantes,28,1992,18.9,1197,65,381,616,256,10,991,7,17,41.2,9,0,555,2368,1448,61,18,4,15,15,636,581,91.4,14
538,Cheick Traoré,ml  MLI,DF,Lens,25,1995,0.4,35,2,10,19,9,1,25,1,1,100.0,1,0,15,123,69,3,2,0,2,0,16,13,81.3,0
539,Hamari Traoré,ml  MLI,DF,Rennes,28,1992,33.3,2740,64,553,1542,808,51,2367,25,32,78.1,27,0,1659,8009,4578,242,81,11,23,17,1881,1748,92.9,108
540,Ismaël Traoré,ci  CIV,DF,Angers,33,1986,33.3,1986,227,1065,955,82,25,1920,14,17,82.4,14,0,1350,6012,2907,65,14,1,8,4,1348,1319,97.8,10
541,Miguel Trauco,pe  PER,DF,Saint-Étienne,27,1992,22.6,1627,56,538,797,378,14,1347,11,29,37.9,13,3,944,3659,1959,66,23,2,15,17,995,921,92.6,24
542,Alexis Trouillet,fr  FRA,MF,Nice,19,2000,1.2,90,2,12,62,26,4,88,1,2,50.0,1,0,70,364,209,9,4,1,3,3,74,65,87.8,10
543,Adrien Truffert,fr  FRA,"DF,MF",Rennes,18,2001,21.7,1538,47,347,744,532,45,1355,15,32,46.9,20,1,980,4777,2590,143,33,9,23,24,1115,999,89.6,60
544,Marvin Tshibuabua,fr  FRA,DF,Saint-Étienne,18,2002,0.5,27,5,19,5,3,2,27,1,1,100.0,1,0,8,44,39,0,0,0,1,0,15,14,93.3,0
545,Matthieu Udol,fr  FRA,DF,Metz,24,1996,19.2,1187,49,375,577,311,20,1000,27,37,73.0,28,2,685,3788,2329,102,40,8,24,23,731,673,92.1,27
546,Naomichi Ueda,jp  JPN,DF,Nîmes,25,1994,7.9,428,82,283,172,8,4,413,1,2,50.0,2,0,274,1962,1196,28,0,0,2,0,287,281,97.9,0
547,Chimuanya Ugochukwu,fr  FRA,MF,Rennes,16,2004,0.7,42,1,14,22,9,2,42,1,1,100.0,1,0,31,103,54,1,0,0,1,0,33,33,100.0,0
548,Hwang Ui-jo,kr  KOR,"FW,MF",Bordeaux,27,1992,27.8,780,16,83,388,356,125,735,25,61,41.0,28,3,531,2428,1370,75,19,15,60,29,1162,591,50.9,155
549,Antoine Valerio,fr  FRA,MF,Nîmes,20,1999,0.8,24,1,12,14,2,0,24,1,2,50.0,1,0,16,93,53,0,1,0,2,0,19,15,78.9,0
550,Marco Verratti,it  ITA,MF,Paris S-G,27,1992,16.6,1988,39,297,1287,548,47,1954,36,45,80.0,37,2,1589,7025,3939,197,57,10,13,39,1754,1656,94.4,71
551,Clément Vidal,fr  FRA,DF,Montpellier,20,2000,1.0,44,10,30,20,0,0,44,0,0,,0,0,25,193,61,0,0,0,0,0,26,26,100.0,0
552,Kevin Volland,de  GER,"FW,MF",Monaco,28,1992,30.8,1142,9,91,557,548,159,1129,21,43,48.8,23,2,717,2966,1544,83,26,21,81,54,1466,874,59.6,257
553,Franklin Wadja,cm  CMR,MF,Lorient,25,1995,0.4,33,2,12,19,5,0,33,1,2,50.0,1,0,13,35,20,2,1,0,3,1,20,16,80.0,1
554,Timothy Weah,us  USA,"FW,MF",Lille,20,2000,9.8,419,2,45,188,205,39,409,4,10,40.0,4,0,267,1464,730,43,5,8,21,13,461,301,65.3,71
555,Yoane Wissa,cd  COD,"FW,MF",Lorient,23,1996,29.7,1141,27,180,619,439,103,1126,47,80,58.8,52,2,801,4724,3019,130,43,22,73,44,1172,797,68.0,204
556,Xeka,pt  POR,MF,Lille,25,1994,13.3,1020,31,169,702,215,19,987,4,6,66.7,4,0,690,3728,1800,83,17,2,13,9,819,760,92.8,24
557,Yusuf Yazıcı,tr  TUR,"FW,MF",Lille,23,1997,12.1,673,7,47,270,406,51,581,14,31,45.2,15,4,433,2074,1100,67,29,1,24,21,681,467,68.6,101
558,Burak Yılmaz,tr  TUR,FW,Lille,35,1985,22.8,791,25,49,344,441,120,746,15,31,48.4,16,4,467,2188,1100,71,22,19,62,34,1082,608,56.2,178
559,Wilitty Younoussa,cm  CMR,"MF,DF",Dijon,18,2001,0.9,41,2,9,24,11,3,41,1,2,50.0,1,0,25,99,59,3,1,1,3,5,39,25,64.1,6
560,Zaydou Youssouf,fr  FRA,MF,Saint-Étienne,21,1999,13.7,678,21,212,386,123,7,659,24,29,82.8,24,0,494,2659,1172,33,4,1,16,31,523,463,88.5,24
561,Arthur Zagre,fr  FRA,"DF,MF",Dijon,18,2001,1.4,64,6,25,37,7,0,54,1,4,25.0,1,0,31,111,60,2,1,0,0,3,36,28,77.8,2
562,Arber Zeneli,xk  KVX,"MF,FW",Reims,25,1995,14.3,616,9,126,238,314,53,557,42,79,53.2,46,3,462,2424,1458,75,20,16,42,35,578,400,69.2,88
563,Mehdi Zerkane,dz  ALG,"MF,FW",Bordeaux,21,1999,13.2,728,15,126,452,208,27,720,24,42,57.1,25,0,570,3296,1544,70,21,4,21,28,667,548,82.2,53
564,Kévin Zohi,ml  MLI,"FW,MF",Strasbourg,23,1996,4.8,259,3,29,133,114,20,254,15,26,57.7,18,1,191,938,557,35,8,7,9,10,240,186,77.5,27
