,Player,Nation,Pos,Squad,Age,Born,90s,Cmp_Total,Att_Total,Cmp%_Total,TotDist_Total,PrgDist_Total,Cmp_Short,Att_Short,Cmp%_Short,Cmp_Medium,Att_Medium,Cmp%_Medium,Cmp_Long,Att_Long,Cmp%_Long,Ast,xA,A-xA,KP,1/3,PPA,CrsPA,Prog
0,Antonio Adán,es  ESP,GK,Atlético Madrid,31,1987,1.0,12,24,50.0,369,247,1,1,100.0,6,6,100.0,5,17,29.4,0,0.0,0.0,0,0,0,0,0
1,Aday,es  ESP,"DF,MF",Girona,30,1987,7.2,230,325,70.8,4875,1724,81,91,89.0,97,126,77.0,46,94,48.9,2,0.8,+1.2,14,8,10,10,12
2,Aritz Aduriz,es  ESP,FW,Athletic Club,37,1981,10.5,149,237,62.9,2052,331,92,135,68.1,44,74,59.5,7,17,41.2,0,0.4,-0.4,5,10,3,1,8
3,Luis Advíncula,pe  PER,DF,Rayo Vallecano,28,1990,26.5,980,1204,81.4,17749,6575,464,506,91.7,413,487,84.8,96,172,55.8,3,1.8,+1.2,15,55,24,13,70
4,Martin Agirregabiria,es  ESP,DF,Alavés,22,1996,22.6,673,968,69.5,11708,5682,311,366,85.0,301,410,73.4,56,159,35.2,0,0.4,-0.4,8,63,14,5,92
5,Juan Aguilera,es  ESP,MF,Huesca,32,1985,3.8,163,185,88.1,2694,771,87,95,91.6,65,73,89.0,11,17,64.7,0,0.0,0.0,1,16,3,1,11
6,Carlos Akapo,gq  EQG,DF,Huesca,25,1993,11.4,346,442,78.3,5601,2530,184,210,87.6,124,166,74.7,31,47,66.0,0,0.3,-0.3,3,20,5,0,25
7,Sergio Akieme,es  ESP,DF,Rayo Vallecano,20,1997,2.0,70,89,78.7,1135,425,41,44,93.2,24,30,80.0,4,13,30.8,1,0.1,+0.9,2,6,1,1,5
8,Jordi Alba,es  ESP,DF,Barcelona,29,1989,33.2,2305,2686,85.8,36567,13309,1283,1393,92.1,856,986,86.8,145,233,62.2,8,5.2,+2.8,44,141,60,18,213
9,Pedro Alcalá,es  ESP,DF,Girona,29,1989,20.8,698,843,82.8,16867,5451,147,165,89.1,401,434,92.4,149,235,63.4,1,0.3,+0.7,4,37,6,0,40
10,Rubén Alcaraz,es  ESP,MF,Valladolid,27,1991,33.1,1435,1748,82.1,30948,7169,483,540,89.4,655,724,90.5,278,439,63.3,2,1.3,+0.7,20,170,2,0,107
11,Álex Alegría,es  ESP,"FW,MF",Rayo Vallecano,25,1992,1.6,24,38,63.2,367,75,16,22,72.7,5,8,62.5,2,4,50.0,0,0.3,-0.3,3,2,1,0,3
12,Iván Alejo,es  ESP,"MF,FW",Getafe,23,1995,1.6,16,41,39.0,329,108,6,14,42.9,5,13,38.5,4,12,33.3,0,0.1,-0.1,1,2,2,1,2
13,Carles Aleñá,es  ESP,MF,Barcelona,20,1998,7.1,540,587,92.0,9394,1852,260,270,96.3,221,236,93.6,53,67,79.1,0,0.7,-0.7,9,58,5,0,39
14,Alexander,ar  ARG,DF,Leganés,29,1988,0.1,4,7,57.1,45,34,4,4,100.0,0,1,0.0,0,2,0.0,0,0.0,0.0,0,0,0,0,1
15,Júnior Alonso,py  PAR,"DF,MF",Celta Vigo,25,1993,6.0,237,319,74.3,4324,1897,97,115,84.3,111,140,79.3,26,56,46.4,0,0.2,-0.2,5,20,4,3,23
16,Yeray Álvarez,es  ESP,DF,Athletic Club,23,1995,29.0,1027,1247,82.4,22656,8314,292,323,90.4,526,582,90.4,205,331,61.9,0,0.0,0.0,1,78,5,1,66
17,Ibrahim Amadou,fr  FRA,"MF,DF",Sevilla,25,1993,8.5,313,365,85.8,5925,1258,131,146,89.7,135,154,87.7,42,52,80.8,0,0.1,-0.1,4,17,2,0,23
18,Jordi Amat,es  ESP,DF,Rayo Vallecano,26,1992,30.7,1081,1289,83.9,23563,8418,330,376,87.8,532,585,90.9,210,302,69.5,0,0.1,-0.1,4,71,0,0,83
19,Amath,sn  SEN,"MF,FW",Getafe,22,1996,11.1,151,217,69.6,2506,840,88,109,80.7,47,67,70.1,16,31,51.6,2,0.7,+1.3,9,13,10,4,23
20,Miguel Ángel Moyá,es  ESP,GK,Real Sociedad,34,1984,11.0,292,362,80.7,9462,5487,31,31,100.0,123,124,99.2,138,207,66.7,0,0.0,0.0,0,0,0,0,0
21,José Ángel,es  ESP,DF,Eibar,28,1989,33.6,1403,2147,65.3,32444,15589,414,477,86.8,646,846,76.4,332,759,43.7,1,3.6,-2.6,53,181,76,30,185
22,Antoñito,es  ESP,"DF,MF",Valladolid,30,1987,20.7,671,902,74.4,11242,5016,334,368,90.8,268,345,77.7,57,149,38.3,1,1.9,-0.9,23,50,25,13,75
23,Vitorino Antunes,pt  POR,DF,Getafe,31,1987,24.2,713,1178,60.5,15239,8474,251,312,80.4,314,453,69.3,136,361,37.7,3,2.7,+0.3,29,77,34,17,88
24,Anuar,ma  MAR,MF,Valladolid,23,1995,12.0,306,401,76.3,5423,1024,143,177,80.8,124,155,80.0,32,51,62.7,0,0.1,-0.1,3,16,2,1,15
25,Emmanuel Apeh,ng  NGA,MF,Celta Vigo,21,1996,0.2,6,7,85.7,68,2,2,3,66.7,2,2,100.0,0,0,,0,0.1,-0.1,1,1,0,0,0
26,Mauro Arambarri,uy  URU,MF,Getafe,22,1995,29.7,560,804,69.7,12668,3657,199,253,78.7,193,269,71.7,151,243,62.1,2,1.6,+0.4,15,74,8,2,90
27,Guilherme Arana,br  BRA,"MF,DF",Sevilla,21,1997,7.0,239,295,81.0,3834,1071,123,146,84.2,101,117,86.3,14,24,58.3,0,0.1,-0.1,2,5,1,1,8
28,Néstor Araujo,mx  MEX,DF,Celta Vigo,26,1991,29.8,1299,1478,87.9,27487,8432,325,360,90.3,777,838,92.7,188,260,72.3,0,0.3,-0.3,4,57,6,2,57
29,Anaitz Arbilla,es  ESP,DF,Eibar,31,1987,21.7,855,1094,78.2,21848,7004,177,208,85.1,410,473,86.7,263,398,66.1,2,0.4,+1.6,4,126,6,1,83
30,Santiago Arias,co  COL,DF,Atlético Madrid,26,1992,19.7,821,1037,79.2,13087,5983,427,477,89.5,330,418,78.9,43,100,43.0,1,1.0,0.0,14,46,26,9,97
31,José Arnaiz,es  ESP,"DF,MF",Leganés,23,1995,1.3,25,32,78.1,337,23,13,17,76.5,11,13,84.6,0,1,0.0,0,0.1,-0.1,1,0,0,0,0
32,Sergio Asenjo,es  ESP,GK,Villarreal,29,1989,32.0,521,805,64.7,19300,12895,50,50,100.0,211,216,97.7,259,538,48.1,0,0.0,0.0,0,15,0,0,1
33,Marco Asensio,es  ESP,FW,Real Madrid,22,1996,19.8,842,1020,82.5,13292,3242,487,540,90.2,262,308,85.1,78,123,63.4,4,4.0,0.0,33,52,50,18,77
34,Iago Aspas,es  ESP,FW,Celta Vigo,30,1987,25.0,722,904,79.9,11754,2520,383,458,83.6,248,300,82.7,71,100,71.0,6,5.3,+0.7,52,40,33,4,70
35,Ezequiel Ávila,ar  ARG,"FW,MF",Huesca,24,1994,22.2,314,576,54.5,6623,2291,142,212,67.0,96,179,53.6,66,144,45.8,2,2.7,-0.7,21,47,17,5,63
36,Abdoulaye Ba,sn  SEN,DF,Rayo Vallecano,27,1991,23.4,856,1037,82.5,19639,6851,212,235,90.2,445,488,91.2,194,301,64.5,0,0.0,0.0,1,28,0,0,28
37,Carlos Bacca,co  COL,FW,Villarreal,31,1986,14.1,192,274,70.1,2908,657,112,161,69.6,57,80,71.3,16,23,69.6,1,2.2,-1.2,23,7,6,0,18
38,Gareth Bale,wal  WAL,FW,Real Madrid,29,1989,19.8,569,783,72.7,9852,2164,317,381,83.2,173,252,68.7,68,119,57.1,3,2.3,+0.7,17,42,23,10,50
39,Mikel Balenziaga,es  ESP,DF,Athletic Club,30,1988,5.8,174,230,75.7,2989,1099,81,91,89.0,77,98,78.6,14,34,41.2,0,0.4,-0.4,3,9,3,1,15
40,Éver Banega,ar  ARG,MF,Sevilla,30,1988,29.6,1820,2208,82.4,40151,13352,613,672,91.2,781,882,88.5,408,602,67.8,5,3.4,+1.6,52,224,40,5,240
41,Léo Baptistão,br  BRA,"FW,MF",Espanyol,25,1992,13.7,289,394,73.4,4561,1115,149,186,80.1,116,144,80.6,18,33,54.5,2,2.7,-0.7,22,17,16,4,33
42,Enis Bardhi,mk  MKD,MF,Levante,23,1995,31.5,894,1211,73.8,15555,4756,451,554,81.4,305,380,80.3,111,218,50.9,4,2.8,+1.2,27,89,34,10,97
43,Antonio Barragán,es  ESP,"DF,MF",Betis,31,1987,10.4,540,650,83.1,9051,3364,281,317,88.6,205,235,87.2,48,79,60.8,0,0.8,-0.8,10,26,16,8,45
44,Ander Barrenetxea,es  ESP,"FW,MF",Real Sociedad,16,2001,4.4,87,115,75.7,1256,286,52,61,85.2,30,37,81.1,4,10,40.0,0,0.6,-0.6,6,5,3,1,7
45,Marc Bartra,es  ESP,DF,Betis,27,1991,32.5,1993,2254,88.4,41893,12647,556,588,94.6,1117,1180,94.7,305,453,67.3,0,0.4,-0.4,4,133,4,0,83
46,Borja Bastón,es  ESP,FW,Alavés,25,1992,16.0,208,321,64.8,2732,470,131,180,72.8,62,97,63.9,4,11,36.4,1,1.1,-0.1,9,11,4,1,11
47,Michy Batshuayi,be  BEL,FW,Valencia,24,1993,5.9,106,140,75.7,1789,315,59,75,78.7,32,43,74.4,13,16,81.3,0,0.7,-0.7,8,5,4,0,8
48,Jon Bautista,es  ESP,FW,Real Sociedad,23,1995,6.6,83,136,61.0,1147,209,49,78,62.8,26,43,60.5,4,5,80.0,0,0.1,-0.1,3,5,2,0,9
49,Fran Beltrán,es  ESP,MF,Celta Vigo,19,1999,16.9,798,884,90.3,14720,2870,334,368,90.8,348,375,92.8,104,122,85.2,0,0.7,-0.7,11,53,6,0,52
50,Wissam Ben Yedder,fr  FRA,FW,Sevilla,27,1990,31.2,578,788,73.4,8198,1877,360,439,82.0,167,233,71.7,34,66,51.5,9,6.6,+2.4,41,47,27,6,56
51,Karim Benzema,fr  FRA,FW,Real Madrid,30,1987,32.8,1011,1212,83.4,15068,2804,619,704,87.9,278,324,85.8,79,108,73.1,6,5.6,+0.4,48,82,58,5,97
52,Yuri Berchiche,es  ESP,"DF,FW",Athletic Club,28,1990,34.7,1392,1734,80.3,24282,9846,633,719,88.0,622,734,84.7,121,224,54.0,2,1.6,+0.4,18,101,33,19,136
53,Markel Bergara,es  ESP,MF,Getafe,32,1986,0.6,15,21,71.4,247,86,8,11,72.7,5,7,71.4,1,1,100.0,0,0.0,0.0,0,3,1,1,2
54,Pedro Bigas,es  ESP,DF,Eibar,27,1990,6.5,249,307,81.1,6243,1798,52,58,89.7,120,140,85.7,75,105,71.4,1,0.3,+0.7,1,29,2,0,34
55,Alejandro Blanco,es  ESP,"FW,MF",Alavés,19,1998,0.2,4,6,66.7,37,10,4,6,66.7,0,0,,0,0,,0,0.0,0.0,0,0,0,0,0
56,Rubén Blanco,es  ESP,GK,Celta Vigo,23,1995,25.0,529,813,65.1,18661,12573,63,65,96.9,240,240,100.0,225,507,44.4,0,0.1,-0.1,2,15,1,0,0
57,Pablo de Blasis,ar  ARG,"DF,MF",Eibar,30,1988,16.9,554,793,69.9,10301,4298,230,269,85.5,256,337,76.0,65,159,40.9,0,2.1,-2.1,21,68,31,16,75
58,Emmanuel Boateng,gh  GHA,FW,Levante,22,1996,7.8,70,107,65.4,924,152,44,63,69.8,20,31,64.5,3,9,33.3,0,0.1,-0.1,2,5,1,0,4
59,Kevin-Prince Boateng,gh  GHA,FW,Barcelona,31,1987,2.7,49,65,75.4,652,58,30,39,76.9,12,15,80.0,4,5,80.0,0,0.1,-0.1,2,2,0,0,2
60,Daniele Bonera,it  ITA,DF,Villarreal,37,1981,2.6,86,94,91.5,1937,594,22,22,100.0,46,49,93.9,18,22,81.8,0,0.0,0.0,0,5,0,0,3
61,Sofiane Boufal,ma  MAR,"MF,FW",Celta Vigo,24,1993,23.2,674,885,76.2,10717,2836,382,442,86.4,217,276,78.6,61,121,50.4,3,3.8,-0.8,39,49,38,5,81
62,Yassine Bounou,ma  MAR,GK,Girona,27,1991,31.8,641,963,66.6,21944,13092,48,48,100.0,289,292,99.0,301,620,48.5,0,0.0,0.0,0,14,0,0,0
63,Martin Braithwaite,dk  DEN,FW,Leganés,27,1991,15.6,184,249,73.9,2473,381,119,150,79.3,53,71,74.6,7,13,53.8,5,1.9,+3.1,14,11,4,0,9
64,Darko Brašanac,rs  SRB,MF,Alavés,26,1992,17.6,494,617,80.1,8965,2371,202,239,84.5,227,266,85.3,56,87,64.4,1,0.4,+0.6,9,44,5,1,44
65,Rajko Brežančić,rs  SRB,DF,Huesca,28,1989,0.7,15,24,62.5,292,109,8,11,72.7,5,7,71.4,2,5,40.0,0,0.0,0.0,0,2,0,0,2
66,Bryan,es  ESP,"MF,FW",Sevilla,17,2001,1.9,54,81,66.7,732,179,33,41,80.5,18,26,69.2,1,6,16.7,1,0.5,+0.5,2,3,2,1,4
67,Burgui,es  ESP,"MF,FW",Alavés,24,1993,6.2,167,212,78.8,2930,961,85,98,86.7,57,72,79.2,22,35,62.9,0,0.6,-0.6,11,17,7,2,23
68,Sergio Busquets,es  ESP,MF,Barcelona,30,1988,30.2,2163,2397,90.2,40275,10802,877,952,92.1,960,1039,92.4,280,331,84.6,1,1.2,-0.2,15,239,15,0,167
69,Unai Bustinza,es  ESP,DF,Leganés,26,1992,22.5,708,1011,70.0,15323,6592,228,269,84.8,334,416,80.3,135,304,44.4,1,0.6,+0.4,11,66,13,7,67
70,Erick Cabaco,uy  URU,DF,Levante,23,1995,18.1,516,708,72.9,11107,5274,182,207,87.9,226,284,79.6,100,200,50.0,0,0.2,-0.2,3,60,6,0,59
71,Gustavo Cabral,ar  ARG,DF,Celta Vigo,32,1985,21.1,807,926,87.1,17145,4751,222,239,92.9,445,488,91.2,131,182,72.0,0,0.4,-0.4,4,36,2,0,29
72,Leandro Cabrera,uy  URU,DF,Getafe,27,1991,31.0,576,1073,53.7,15494,7731,126,195,64.6,245,395,62.0,200,441,45.4,0,0.4,-0.4,4,89,9,3,95
73,Jordi Calavera,es  ESP,DF,Eibar,22,1995,0.0,0,0,,0,0,0,0,,0,0,,0,0,,0,0.0,0.0,0,0,0,0,0
74,Fernando Calero,es  ESP,DF,Valladolid,22,1995,34.8,1221,1432,85.3,25946,9756,356,395,90.1,668,716,93.3,193,311,62.1,0,0.2,-0.2,5,97,5,1,82
75,Jonathan Calleri,ar  ARG,FW,Alavés,24,1993,31.9,457,740,61.8,6842,1613,265,371,71.4,132,241,54.8,38,73,52.1,2,2.1,-0.1,22,36,19,7,48
76,Juanjo Camacho,es  ESP,MF,Huesca,37,1980,0.4,13,22,59.1,95,43,8,11,72.7,1,4,25.0,0,3,0.0,0,0.3,-0.3,2,0,0,0,0
77,Sergio Camello,es  ESP,FW,Atlético Madrid,17,2001,0.5,8,10,80.0,123,34,5,5,100.0,3,3,100.0,0,1,0.0,0,0.1,-0.1,1,0,0,0,1
78,José Campaña,es  ESP,MF,Levante,25,1993,35.7,1584,1965,80.6,29282,9205,693,782,88.6,641,739,86.7,225,387,58.1,9,4.0,+5.0,51,156,25,6,185
79,Sergio Canales,es  ESP,"MF,FW",Betis,27,1991,29.5,1554,1859,83.6,27961,5084,704,756,93.1,669,741,90.3,159,306,52.0,2,5.8,-3.8,56,96,40,11,99
80,Ander Capa,es  ESP,DF,Athletic Club,26,1992,18.2,673,919,73.2,11706,4540,308,356,86.5,293,386,75.9,58,129,45.0,0,1.0,-1.0,10,40,27,8,63
81,Marc Cardona,es  ESP,"FW,MF",Eibar,23,1995,6.7,128,179,71.5,1793,379,81,102,79.4,38,53,71.7,5,12,41.7,1,0.6,+0.4,5,8,4,1,9
82,Daniel Carriço,pt  POR,DF,Sevilla,29,1988,23.7,806,989,81.5,16321,6048,294,321,91.6,366,414,88.4,139,240,57.9,1,0.7,+0.3,5,53,7,1,57
83,Guido Carrillo,ar  ARG,FW,Leganés,27,1991,22.1,416,623,66.8,5593,944,265,360,73.6,111,181,61.3,17,36,47.2,1,1.3,-0.3,18,34,4,0,32
84,Dani Carvajal,es  ESP,DF,Real Madrid,26,1992,23.4,1591,1834,86.8,27635,9118,820,892,91.9,569,643,88.5,186,238,78.2,2,3.2,-1.2,29,84,28,8,104
85,William Carvalho,pt  POR,MF,Betis,26,1992,26.5,1704,1911,89.2,31916,7781,703,777,90.5,764,819,93.3,213,269,79.2,5,2.0,+3.0,17,202,28,0,176
86,Casemiro,br  BRA,MF,Real Madrid,26,1992,25.7,1438,1629,88.3,28199,7180,612,660,92.7,542,601,90.2,256,322,79.5,0,0.7,-0.7,13,110,14,1,107
87,Santiago Cáseres,ar  ARG,MF,Villarreal,21,1997,17.6,781,861,90.7,16401,3588,268,286,93.7,348,376,92.6,155,182,85.2,1,0.9,+0.1,15,75,5,1,69
88,Catena,es  ESP,DF,Rayo Vallecano,23,1994,2.0,78,88,88.6,1743,628,25,26,96.2,35,37,94.6,18,23,78.3,0,0.0,0.0,0,6,0,0,8
89,Santi Cazorla,es  ESP,"MF,FW",Villarreal,33,1984,29.4,1413,1744,81.0,29624,9487,532,596,89.3,601,688,87.4,264,429,61.5,10,6.7,+3.3,73,163,50,10,176
90,Dani Ceballos,es  ESP,"MF,FW",Real Madrid,21,1996,13.9,964,1045,92.2,15986,3292,495,527,93.9,365,382,95.5,84,97,86.6,0,1.7,-1.7,25,88,16,1,62
91,Charles,br  BRA,FW,Eibar,34,1984,19.3,386,561,68.8,5384,925,247,321,76.9,106,174,60.9,21,30,70.0,1,1.0,0.0,16,36,10,1,35
92,Chechu,es  ESP,DF,Rayo Vallecano,36,1982,1.0,43,50,86.0,962,365,9,11,81.8,27,31,87.1,7,8,87.5,0,0.0,0.0,0,6,0,0,3
93,Chema,es  ESP,DF,Levante,26,1992,13.9,285,380,75.0,6210,2839,94,111,84.7,133,152,87.5,56,111,50.5,0,0.1,-0.1,2,23,1,0,33
94,Denis Cheryshev,ru  RUS,"MF,FW",Valencia,27,1990,19.0,472,722,65.4,8457,2608,215,287,74.9,194,283,68.6,55,119,46.2,2,6.8,-4.8,35,34,37,21,66
95,Leandro Chichizola,ar  ARG,GK,Getafe,28,1990,1.0,12,26,46.2,597,454,0,0,,3,3,100.0,9,23,39.1,0,0.0,0.0,0,2,0,0,0
96,Samuel Chukwueze,ng  NGA,"FW,MF",Villarreal,19,1999,19.0,387,540,71.7,6785,1823,190,240,79.2,148,193,76.7,45,73,61.6,2,1.5,+0.5,23,24,21,4,57
97,Jasper Cillessen,nl  NED,GK,Barcelona,29,1989,3.0,102,115,88.7,2543,1438,16,16,100.0,59,59,100.0,25,38,65.8,0,0.0,0.0,0,0,0,0,0
98,Coke,es  ESP,DF,Levante,31,1987,20.2,700,925,75.7,12239,5761,348,406,85.7,282,354,79.7,64,133,48.1,0,1.5,-1.5,15,40,22,10,81
99,Álex Collado,es  ESP,FW,Barcelona,19,1999,0.9,24,28,85.7,356,41,15,17,88.2,8,8,100.0,1,1,100.0,0,0.0,0.0,0,1,0,0,1
100,Santi Comesaña,es  ESP,MF,Rayo Vallecano,21,1996,22.6,916,1075,85.2,18193,5038,337,387,87.1,417,467,89.3,143,184,77.7,1,0.3,+0.7,10,70,9,3,80
101,Duje Čop,hr  CRO,FW,Valladolid,28,1990,7.6,120,176,68.2,1589,298,73,92,79.3,29,51,56.9,9,13,69.2,0,1.2,-1.2,10,5,6,5,7
102,Francis Coquelin,fr  FRA,MF,Valencia,27,1991,19.6,840,974,86.2,16494,4326,341,381,89.5,362,400,90.5,129,172,75.0,1,0.7,+0.3,16,89,7,0,73
103,Iñigo Córdoba,es  ESP,FW,Athletic Club,21,1997,14.7,308,457,67.4,4828,1473,179,228,78.5,101,139,72.7,25,64,39.1,4,1.1,+2.9,16,16,20,9,28
104,Ángel Correa,ar  ARG,"MF,FW",Atlético Madrid,23,1995,21.3,566,766,73.9,8494,2177,331,398,83.2,191,255,74.9,29,60,48.3,2,4.4,-2.4,33,54,22,3,62
105,Diego Costa,es  ESP,FW,Atlético Madrid,29,1988,12.4,220,311,70.7,2992,414,144,177,81.4,56,87,64.4,10,14,71.4,2,1.7,+0.3,9,8,8,0,16
106,Jaume Costa,es  ESP,DF,Villarreal,30,1988,16.6,781,964,81.0,14164,5785,324,358,90.5,379,431,87.9,72,149,48.3,0,0.8,-0.8,10,75,19,6,88
107,David Costas,es  ESP,DF,Celta Vigo,23,1995,13.0,614,689,89.1,12945,3973,177,190,93.2,325,344,94.5,107,142,75.4,0,0.0,0.0,0,34,0,0,21
108,Thibaut Courtois,be  BEL,GK,Real Madrid,26,1992,27.0,643,831,77.4,18387,9686,76,76,100.0,371,374,99.2,194,378,51.3,0,0.0,0.0,0,0,0,0,0
109,Philippe Coutinho,br  BRA,"FW,MF",Barcelona,26,1992,22.4,1260,1464,86.1,19541,4130,711,778,91.4,449,494,90.9,79,136,58.1,2,3.5,-1.5,32,94,51,3,108
110,Sebastián Cristóforo,uy  URU,"MF,FW",Getafe,24,1993,5.0,120,155,77.4,2371,813,49,57,86.0,44,49,89.8,22,38,57.9,2,0.5,+1.5,6,16,2,0,15
111,Cucho,co  COL,FW,Huesca,19,1999,23.9,403,606,66.5,6898,1888,214,285,75.1,122,184,66.3,53,93,57.0,3,2.1,+0.9,26,30,36,13,51
112,Marc Cucurella,es  ESP,"MF,FW",Eibar,20,1998,26.2,763,997,76.5,12127,3490,408,474,86.1,296,385,76.9,48,90,53.3,2,3.4,-1.4,32,44,29,14,68
113,Iván Cuéllar,es  ESP,GK,Leganés,34,1984,33.9,576,1051,54.8,26398,19894,30,31,96.8,149,156,95.5,397,864,45.9,0,0.0,0.0,0,33,1,0,0
114,Sergi Darder,es  ESP,MF,Espanyol,24,1993,30.1,1025,1313,78.1,19696,5741,413,481,85.9,452,537,84.2,149,260,57.3,2,4.4,-2.4,35,124,32,5,135
115,Moisés Delgado,es  ESP,DF,Valladolid,24,1994,3.0,71,100,71.0,1245,475,32,35,91.4,30,40,75.0,7,21,33.3,0,0.2,-0.2,3,9,3,2,6
116,Ousmane Dembélé,fr  FRA,"FW,MF",Barcelona,21,1997,18.5,790,1018,77.6,12801,2943,433,513,84.4,272,347,78.4,69,113,61.1,5,4.7,+0.3,46,51,47,12,70
117,Franco Di Santo,ar  ARG,FW,Rayo Vallecano,29,1989,1.9,22,36,61.1,271,24,16,23,69.6,4,10,40.0,1,1,100.0,0,0.0,0.0,0,1,0,0,0
118,Mouctar Diakhaby,fr  FRA,DF,Valencia,21,1996,17.6,592,688,86.0,12641,4126,172,194,88.7,321,349,92.0,96,138,69.6,0,0.0,0.0,0,25,0,0,30
119,Brahim Díaz,es  ESP,FW,Real Madrid,18,1999,4.2,147,174,84.5,1978,475,98,105,93.3,38,50,76.0,6,10,60.0,1,1.2,-0.2,6,10,6,0,13
120,Javier Díaz,es  ESP,GK,Sevilla,21,1997,1.0,14,24,58.3,485,300,0,0,,8,9,88.9,6,15,40.0,0,0.0,0.0,0,0,0,0,0
121,Adrián Diéguez,es  ESP,DF,Huesca,22,1996,8.3,153,200,76.5,3193,1329,55,59,93.2,75,86,87.2,23,52,44.2,0,0.0,0.0,1,6,0,0,10
122,Stole Dimitrievski,mk  MKD,GK,Rayo Vallecano,24,1993,21.0,430,648,66.4,16020,11139,29,31,93.5,189,194,97.4,212,422,50.2,0,0.0,0.0,0,11,1,0,0
123,Papakouli Diop,sn  SEN,MF,Eibar,32,1986,26.1,850,1145,74.2,17339,4316,272,356,76.4,449,567,79.2,121,197,61.4,1,0.7,+0.3,9,121,16,1,123
124,Djené,tg  TOG,DF,Getafe,26,1991,33.1,705,973,72.5,16148,5352,175,226,77.4,362,452,80.1,164,273,60.1,0,0.2,-0.2,5,50,6,1,72
125,Marko Dmitrović,rs  SRB,GK,Eibar,26,1992,24.0,371,748,49.6,17658,14230,29,29,100.0,94,96,97.9,248,623,39.8,0,0.0,0.0,0,45,0,0,0
126,Jaume Doménech,es  ESP,GK,Valencia,27,1990,4.0,58,94,61.7,2173,1690,6,6,100.0,21,21,100.0,31,67,46.3,0,0.0,0.0,0,0,0,0,0
127,Cheick Doukouré,ci  CIV,MF,Levante,25,1992,3.5,85,113,75.2,1614,420,32,47,68.1,42,51,82.4,9,12,75.0,0,0.0,0.0,0,11,1,0,11
128,Seydou Doumbia,ci  CIV,FW,Girona,30,1987,6.0,52,71,73.2,653,119,35,44,79.5,12,15,80.0,2,3,66.7,0,0.0,0.0,0,2,2,0,5
129,Óscar Duarte,cr  CRC,"DF,MF",Espanyol,29,1989,7.3,300,342,87.7,6568,1960,80,84,95.2,165,177,93.2,52,75,69.3,0,0.1,-0.1,2,18,3,0,15
130,Rubén Duarte,es  ESP,DF,Alavés,22,1995,30.8,847,1231,68.8,16222,8064,360,420,85.7,349,468,74.6,126,303,41.6,0,1.4,-1.4,21,95,21,11,85
131,Hugo Duro,es  ESP,"MF,FW",Getafe,18,1999,4.6,46,68,67.6,573,143,34,41,82.9,8,17,47.1,2,5,40.0,0,0.4,-0.4,1,1,2,0,3
132,Raphael Dwamena,gh  GHA,FW,Levante,22,1995,2.5,31,49,63.3,460,108,17,25,68.0,9,15,60.0,2,4,50.0,1,0.7,+0.3,4,3,2,1,2
133,Dennis Eckert,de  GER,FW,Celta Vigo,21,1997,2.4,30,43,69.8,432,73,18,23,78.3,10,14,71.4,2,2,100.0,0,0.1,-0.1,3,0,0,0,2
134,Aritz Elustondo,es  ESP,DF,Real Sociedad,24,1994,25.0,973,1219,79.8,19576,6906,305,346,88.2,535,605,88.4,126,232,54.3,0,0.6,-0.6,8,55,12,7,60
135,Gorka Elustondo,es  ESP,MF,Rayo Vallecano,31,1987,3.2,107,133,80.5,2274,784,39,47,83.0,44,52,84.6,21,28,75.0,0,0.2,-0.2,2,9,3,1,12
136,Rodrigo Ely,br  BRA,DF,Alavés,24,1993,4.8,100,135,74.1,2651,994,23,26,88.5,46,56,82.1,31,49,63.3,0,0.0,0.0,1,8,0,0,5
137,Adri Embarba,es  ESP,"FW,MF",Rayo Vallecano,26,1992,25.4,510,837,60.9,9910,3364,230,293,78.5,176,255,69.0,89,231,38.5,6,6.2,-0.2,56,34,24,15,40
138,Emerson,br  BRA,DF,Betis,19,1999,3.5,164,202,81.2,2309,884,108,122,88.5,43,57,75.4,8,13,61.5,0,0.3,-0.3,5,4,7,2,14
139,Youssef En-Nesyri,ma  MAR,FW,Leganés,21,1997,23.4,278,495,56.2,4351,1104,176,264,66.7,68,137,49.6,26,60,43.3,2,1.2,+0.8,15,26,8,3,37
140,Sergi Enrich,es  ESP,FW,Eibar,28,1990,28.7,683,926,73.8,9507,1207,446,565,78.9,181,254,71.3,31,45,68.9,4,3.6,+0.4,27,29,13,1,38
141,Javier Eraso,es  ESP,"MF,FW",Leganés,28,1990,7.0,175,229,76.4,2862,529,92,104,88.5,64,80,80.0,16,33,48.5,0,0.8,-0.8,6,17,1,0,9
142,Gonzalo Escalante,ar  ARG,MF,Eibar,25,1993,19.9,597,768,77.7,11065,2206,251,308,81.5,271,325,83.4,69,107,64.5,1,1.0,0.0,9,60,7,1,59
143,Sergio Escudero,es  ESP,"DF,MF",Sevilla,28,1989,17.2,752,951,79.1,13180,5433,342,371,92.2,334,402,83.1,64,146,43.8,1,1.1,-0.1,10,61,27,9,84
144,Bernardo Espinosa,co  COL,DF,Girona,29,1989,30.3,1203,1365,88.1,28127,8029,215,236,91.1,728,782,93.1,258,336,76.8,1,0.9,+0.1,5,22,3,1,48
145,Beñat Etxebarria,es  ESP,MF,Athletic Club,31,1987,22.6,996,1241,80.3,20811,5626,372,409,91.0,417,471,88.5,196,333,58.9,2,2.5,-0.5,33,121,18,4,103
146,Xabier Etxeita,es  ESP,DF,Huesca,30,1987,29.7,659,866,76.1,14516,6094,209,237,88.2,294,344,85.5,147,262,56.1,0,0.2,-0.2,2,54,3,0,62
147,Zouhair Feddal,ma  MAR,DF,Betis,29,1989,18.9,1104,1282,86.1,23655,7024,343,380,90.3,585,625,93.6,174,271,64.2,1,0.4,+0.6,4,79,8,0,63
148,Aitor Fernández,es  ESP,GK,Levante,27,1991,16.0,272,455,59.8,9898,6785,24,24,100.0,99,100,99.0,148,330,44.8,0,0.0,0.0,0,9,0,0,0
149,Andrés Fernández,es  ESP,GK,Villarreal,31,1986,6.0,133,187,71.1,4831,3098,7,7,100.0,57,57,100.0,69,123,56.1,0,0.0,0.0,1,0,0,0,0
150,Borja Fernández,es  ESP,"MF,DF",Valladolid,37,1981,9.3,308,391,78.8,6397,1662,108,132,81.8,141,170,82.9,55,81,67.9,0,0.0,0.0,0,19,0,0,23
151,Joaquín Fernández,es  ESP,"DF,MF",Valladolid,22,1996,9.3,244,300,81.3,4840,1290,75,86,87.2,133,147,90.5,34,57,59.6,0,0.0,0.0,1,7,0,0,13
152,David Ferreiro,es  ESP,"FW,MF",Huesca,30,1988,25.3,645,1033,62.4,12093,4100,295,358,82.4,230,351,65.5,105,281,37.4,3,4.5,-1.5,51,45,43,23,65
153,Facundo Ferreyra,ar  ARG,"FW,MF",Espanyol,27,1991,2.3,32,47,68.1,463,76,20,24,83.3,10,17,58.8,1,2,50.0,0,0.0,0.0,0,1,0,0,2
154,Junior Firpo,es  ESP,"DF,MF",Betis,21,1996,21.5,915,1132,80.8,15433,4723,442,502,88.0,393,483,81.4,65,108,60.2,4,2.1,+1.9,19,41,17,4,70
155,Mathieu Flamini,fr  FRA,MF,Getafe,34,1984,5.0,90,131,68.7,1662,544,39,57,68.4,35,50,70.0,14,22,63.6,0,0.0,0.0,1,7,1,0,11
156,Pablo Fornals,es  ESP,"MF,FW",Villarreal,22,1996,27.5,926,1194,77.6,16907,4940,430,514,83.7,354,431,82.1,126,189,66.7,3,4.8,-1.8,43,108,40,8,114
157,Dimitri Foulquier,fr  FRA,"MF,FW",Getafe,25,1993,20.0,291,475,61.3,5057,1846,142,187,75.9,111,173,64.2,33,71,46.5,2,1.7,+0.3,15,26,9,4,36
158,Javi Fuego,es  ESP,MF,Villarreal,34,1984,2.6,108,136,79.4,1897,734,46,53,86.8,50,57,87.7,9,17,52.9,0,0.0,0.0,0,12,0,0,9
159,Ramiro Funes Mori,ar  ARG,"DF,MF",Villarreal,27,1991,29.2,995,1211,82.2,23044,6903,255,286,89.2,489,545,89.7,246,362,68.0,1,0.5,+0.5,6,73,4,0,67
160,Javi Galán,es  ESP,"DF,MF",Huesca,23,1994,16.0,421,627,67.1,7173,3623,202,241,83.8,168,233,72.1,44,118,37.3,2,1.8,+0.2,19,28,17,14,36
161,Álex Gallar,es  ESP,"MF,FW",Huesca,26,1992,11.2,345,470,73.4,6464,2436,159,196,81.1,124,159,78.0,57,99,57.6,1,2.5,-1.5,26,31,17,6,40
162,Enric Gallego,es  ESP,FW,Huesca,31,1986,17.1,222,383,58.0,3001,836,137,211,64.9,58,108,53.7,13,25,52.0,1,1.7,-0.7,14,15,10,3,33
163,Álex Gálvez,es  ESP,DF,Rayo Vallecano,29,1989,15.7,556,676,82.2,11892,4490,169,183,92.3,275,304,90.5,103,172,59.9,0,0.2,-0.2,3,28,2,0,26
164,Kévin Gameiro,fr  FRA,FW,Valencia,31,1987,17.9,334,434,77.0,4684,767,208,240,86.7,110,140,78.6,11,18,61.1,1,3.1,-2.1,25,17,13,0,25
165,Cristian Ganea,ro  ROU,MF,Athletic Club,26,1992,0.5,10,11,90.9,273,95,0,0,,8,8,100.0,2,3,66.7,0,0.0,0.0,0,2,1,0,2
166,Ezequiel Garay,ar  ARG,DF,Valencia,31,1986,23.7,908,1066,85.2,20429,6945,224,247,90.7,507,542,93.5,173,271,63.8,0,0.4,-0.4,4,81,4,0,70
167,Borja Garcés,es  ESP,"FW,MF",Atlético Madrid,18,1999,0.2,2,4,50.0,28,7,2,2,100.0,0,0,,0,0,,0,0.0,0.0,0,0,0,0,0
168,Alberto García,es  ESP,GK,Rayo Vallecano,33,1985,17.0,381,532,71.6,13536,8694,35,36,97.2,158,164,96.3,188,332,56.6,0,0.0,0.0,0,9,0,0,0
169,Aleix García,es  ESP,MF,Girona,21,1997,18.5,929,1126,82.5,18453,5118,382,425,89.9,386,443,87.1,152,238,63.9,1,1.3,-0.3,25,81,16,3,95
170,Álvaro García,es  ESP,"FW,MF",Rayo Vallecano,25,1992,19.6,309,507,60.9,5197,1632,166,221,75.1,104,177,58.8,31,73,42.5,2,1.5,+0.5,19,24,14,6,35
171,Borja García,es  ESP,"FW,MF",Girona,27,1990,29.2,1102,1350,81.6,19282,4791,543,604,89.9,407,479,85.0,136,217,62.7,3,4.2,-1.2,36,91,39,3,116
172,Dani García,es  ESP,MF,Athletic Club,28,1990,27.5,1165,1391,83.8,23655,5097,408,462,88.3,550,629,87.4,197,275,71.6,1,0.2,+0.8,5,101,3,0,83
173,Javi García,es  ESP,"DF,MF",Betis,31,1987,5.8,424,451,94.0,8115,2448,141,148,95.3,240,248,96.8,43,51,84.3,0,0.0,0.0,0,25,0,0,26
174,Manu García,es  ESP,MF,Alavés,32,1986,25.9,718,951,75.5,12736,3586,334,418,79.9,274,348,78.7,84,131,64.1,1,0.7,+0.3,12,77,6,2,79
175,Sergio García,es  ESP,"FW,MF",Espanyol,35,1983,16.5,328,515,63.7,5749,2022,175,228,76.8,113,162,69.8,36,91,39.6,1,2.7,-1.7,25,31,37,13,71
176,Mario Gaspar,es  ESP,DF,Villarreal,27,1990,28.9,1068,1326,80.5,18148,7762,490,540,90.7,494,590,83.7,70,159,44.0,2,3.0,-1.0,17,80,23,9,102
177,Joris Gnagnon,fr  FRA,"DF,MF",Sevilla,21,1997,5.0,231,260,88.8,4531,1114,77,85,90.6,123,134,91.8,26,34,76.5,0,0.1,-0.1,1,23,1,0,19
178,Diego Godín,uy  URU,DF,Atlético Madrid,32,1986,27.9,856,1054,81.2,18047,7345,288,319,90.3,401,455,88.1,162,263,61.6,1,0.1,+0.9,2,56,3,0,54
179,Maxi Gómez,uy  URU,FW,Celta Vigo,21,1996,32.9,516,705,73.2,8530,1430,270,350,77.1,172,222,77.5,54,83,65.1,5,3.0,+2.0,27,40,15,2,49
180,Moi Gómez,es  ESP,MF,Huesca,24,1994,33.9,1234,1557,79.3,24835,7685,492,559,88.0,508,591,86.0,217,375,57.9,7,3.6,+3.4,50,137,28,13,143
181,Sergi Gómez,es  ESP,DF,Sevilla,26,1992,30.7,1239,1437,86.2,27311,9029,355,389,91.3,648,707,91.7,226,311,72.7,0,0.6,-0.6,7,65,4,2,73
182,Maxime Gonalons,fr  FRA,MF,Sevilla,29,1989,6.0,274,333,82.3,5743,1633,105,120,87.5,115,132,87.1,53,73,72.6,0,0.0,0.0,1,25,1,0,30
183,Álvaro González,es  ESP,DF,Villarreal,28,1990,32.9,1208,1508,80.1,28109,11167,307,338,90.8,619,705,87.8,279,449,62.1,2,0.4,+1.6,6,131,14,2,139
184,Bruno González,es  ESP,DF,Getafe,28,1990,18.9,386,531,72.7,9458,2413,87,113,77.0,189,228,82.9,105,172,61.0,1,0.2,+0.8,3,18,2,1,26
185,Cristo González,es  ESP,FW,Real Madrid,20,1997,0.5,10,11,90.9,190,52,3,3,100.0,5,6,83.3,1,1,100.0,0,0.0,0.0,1,0,1,0,1
186,Andoni Gorosabel,es  ESP,DF,Real Sociedad,21,1996,5.1,229,283,80.9,3573,1331,133,151,88.1,84,101,83.2,12,23,52.2,0,0.5,-0.5,5,9,6,2,17
187,Álex Granell,es  ESP,"MF,DF",Girona,29,1988,26.6,1084,1520,71.3,23493,8919,390,461,84.6,469,584,80.3,215,445,48.3,4,4.9,-0.9,54,144,38,18,164
188,Esteban Granero,es  ESP,MF,Espanyol,31,1987,22.4,983,1182,83.2,18036,4874,418,462,90.5,431,489,88.1,118,204,57.8,1,1.2,-0.2,27,95,19,2,95
189,Antoine Griezmann,fr  FRA,FW,Atlético Madrid,27,1991,35.5,1136,1510,75.2,18302,4920,646,766,84.3,349,458,76.2,111,211,52.6,8,6.8,+1.2,72,82,71,8,131
190,Andrés Guardado,mx  MEX,"MF,DF",Betis,31,1986,25.9,1439,1659,86.7,27490,5969,620,667,93.0,618,689,89.7,194,276,70.3,4,4.3,-0.3,32,112,32,4,110
191,Gonçalo Guedes,pt  POR,"MF,FW",Valencia,21,1996,16.3,466,655,71.1,7840,2419,237,288,82.3,183,247,74.1,40,84,47.6,3,3.8,-0.8,21,46,46,8,86
192,Javi Guerra,es  ESP,"FW,MF",Rayo Vallecano,36,1982,2.6,61,73,83.6,860,140,37,39,94.9,17,23,73.9,5,7,71.4,1,0.5,+0.5,3,3,0,0,4
193,Francis Guerrero,es  ESP,"DF,MF",Betis,22,1996,19.8,793,996,79.6,12386,4151,423,475,89.1,298,374,79.7,51,94,54.3,1,2.0,-1.0,16,24,23,8,50
194,Ander Guevara,es  ESP,MF,Real Sociedad,21,1997,1.0,43,44,97.7,815,196,17,17,100.0,18,19,94.7,6,6,100.0,0,0.1,-0.1,1,5,1,1,1
195,John Guidetti,se  SWE,FW,Alavés,26,1992,7.0,107,158,67.7,1406,332,69,87,79.3,27,50,54.0,4,9,44.4,1,0.6,+0.4,8,5,5,3,9
196,Gerard Gumbau,es  ESP,MF,Leganés,23,1994,13.3,318,448,71.0,6250,1802,133,156,85.3,136,170,80.0,46,104,44.2,1,0.4,+0.6,7,22,5,3,30
197,Serdar Gürler,tr  TUR,"FW,MF",Huesca,26,1991,5.4,104,160,65.0,1493,447,66,89,74.2,27,41,65.9,7,16,43.8,1,0.3,+0.7,6,5,7,4,13
198,Gorka Guruzeta,es  ESP,"FW,MF",Athletic Club,21,1996,0.6,8,10,80.0,99,25,5,5,100.0,3,5,60.0,0,0,,0,0.1,-0.1,1,0,1,0,1
199,Hacen,mr  MTN,FW,Valladolid,20,1997,0.0,0,3,0.0,0,0,0,1,0.0,0,0,,0,2,0.0,0,0.0,0.0,0,0,0,0,0
200,Uche Henry Agbo,ng  NGA,MF,Rayo Vallecano,22,1995,4.1,183,201,91.0,3275,797,92,96,95.8,62,69,89.9,26,30,86.7,0,0.0,0.0,1,16,2,0,15
201,Mario Hermoso,es  ESP,DF,Espanyol,23,1995,31.2,1380,1631,84.6,31544,10831,377,414,91.1,690,767,90.0,302,425,71.1,0,0.1,-0.1,4,79,3,0,85
202,Lucas Hernández,fr  FRA,DF,Atlético Madrid,22,1996,12.4,455,556,81.8,8182,3089,212,235,90.2,188,223,84.3,49,78,62.8,0,0.7,-0.7,3,25,7,4,33
203,Theo Hernández,fr  FRA,DF,Real Sociedad,20,1997,22.0,960,1173,81.8,15965,5110,484,537,90.1,402,466,86.3,66,123,53.7,2,1.5,+0.5,17,40,20,9,71
204,Yangel Herrera,ve  VEN,"MF,DF",Huesca,20,1998,12.8,365,467,78.2,6066,2145,192,225,85.3,126,155,81.3,38,70,54.3,0,0.3,-0.3,5,41,5,0,35
205,Iago Herrerín,es  ESP,GK,Athletic Club,30,1988,31.0,564,990,57.0,27311,21779,27,28,96.4,136,139,97.8,401,822,48.8,1,0.4,+0.6,2,49,3,0,0
206,Andrew Hjulsager,dk  DEN,"MF,FW",Celta Vigo,23,1995,4.0,94,135,69.6,1636,626,47,56,83.9,40,53,75.5,6,20,30.0,3,1.0,+2.0,5,9,7,4,9
207,Wesley Hoedt,nl  NED,DF,Celta Vigo,24,1994,9.9,420,495,84.8,9958,3139,96,110,87.3,223,240,92.9,96,136,70.6,0,0.2,-0.2,3,34,0,0,19
208,Robert Ibáñez,es  ESP,"DF,FW",Getafe,25,1993,0.8,16,18,88.9,203,42,12,13,92.3,4,4,100.0,0,1,0.0,0,0.0,0.0,0,2,0,0,2
209,Vicente Iborra,es  ESP,"MF,FW",Villarreal,30,1988,18.5,632,787,80.3,11252,2576,285,347,82.1,264,316,83.5,72,96,75.0,1,0.7,+0.3,5,50,7,0,48
210,Borja Iglesias,es  ESP,FW,Espanyol,25,1993,34.2,481,692,69.5,7074,1086,285,368,77.4,148,210,70.5,30,51,58.8,3,3.5,-0.5,33,21,13,2,31
211,Asier Illarramendi,es  ESP,MF,Real Sociedad,28,1990,20.2,1046,1243,84.2,20368,5525,399,442,90.3,475,533,89.1,158,238,66.4,1,1.5,-0.5,13,109,10,0,106
212,Giannelli Imbula,cd  COD,MF,Rayo Vallecano,25,1992,19.2,666,747,89.2,12187,2883,283,305,92.8,286,304,94.1,85,118,72.0,1,0.6,+0.4,19,71,15,2,61
213,Pablo Insua,es  ESP,DF,Huesca,24,1993,8.6,198,250,79.2,4580,1336,43,50,86.0,108,128,84.4,44,66,66.7,0,0.0,0.0,0,12,0,0,9
214,Gorka Iraizoz,es  ESP,GK,Girona,37,1981,6.2,150,229,65.5,5182,3335,10,10,100.0,66,68,97.1,74,151,49.0,0,0.0,0.0,0,5,0,0,0
215,Carlos Isaac,es  ESP,DF,Atlético Madrid,20,1998,1.0,43,53,81.1,738,169,22,24,91.7,18,23,78.3,3,5,60.0,0,0.0,0.0,1,4,1,0,1
216,Isco,es  ESP,"MF,FW",Real Madrid,26,1992,13.2,839,986,85.1,13782,3455,452,494,91.5,287,322,89.1,83,133,62.4,2,2.2,-0.2,26,100,20,3,67
217,Manuel Iturra,cl  CHI,MF,Villarreal,34,1984,0.8,47,55,85.5,976,253,14,16,87.5,24,27,88.9,9,11,81.8,0,0.0,0.0,0,4,0,0,5
218,Ander Iturraspe,es  ESP,MF,Athletic Club,29,1989,1.1,70,80,87.5,1333,456,27,27,100.0,36,45,80.0,7,8,87.5,0,0.0,0.0,0,7,0,0,7
219,Ivi,es  ESP,"MF,FW",Valladolid,24,1994,0.2,11,15,73.3,123,20,10,11,90.9,1,2,50.0,0,2,0.0,0,0.0,0.0,0,0,0,0,0
220,Adnan Januzaj,be  BEL,"FW,MF",Real Sociedad,23,1995,13.9,367,553,66.4,7436,2518,180,199,90.5,112,150,74.7,72,173,41.6,3,2.0,+1.0,25,27,33,12,50
221,Jason,es  ESP,"MF,DF",Levante,24,1994,25.9,573,836,68.5,9986,3773,293,352,83.2,208,282,73.8,62,155,40.0,5,5.2,-0.2,27,47,26,8,72
222,Mathias Jensen,dk  DEN,"MF,FW",Celta Vigo,22,1996,2.6,63,84,75.0,860,202,44,53,83.0,15,19,78.9,3,9,33.3,0,0.1,-0.1,1,4,1,0,4
223,Jesé,es  ESP,"FW,MF",Betis,25,1993,8.7,154,207,74.4,2365,321,95,115,82.6,45,59,76.3,12,16,75.0,0,0.8,-0.8,7,9,6,0,13
224,Joaquín,es  ESP,"FW,DF",Betis,37,1981,18.8,798,981,81.3,13047,3557,437,488,89.5,289,345,83.8,62,117,53.0,0,3.3,-3.3,43,31,46,12,80
225,Jony,es  ESP,"MF,FW",Alavés,27,1991,33.0,657,1183,55.5,14071,6293,269,365,73.7,209,329,63.5,166,433,38.3,11,7.2,+3.8,79,46,60,35,85
226,Joan Jordán,es  ESP,MF,Eibar,24,1994,31.9,1505,1886,79.8,32904,7580,517,594,87.0,629,728,86.4,345,519,66.5,4,3.8,+0.2,65,184,36,13,151
227,Willian José,br  BRA,FW,Real Sociedad,26,1991,26.3,576,773,74.5,10502,1575,281,344,81.7,192,249,77.1,87,138,63.0,5,3.4,+1.6,33,35,22,4,48
228,Aleksandar Jovanović,rs  SRB,GK,Huesca,25,1992,12.0,158,335,47.2,6668,5007,16,16,100.0,46,48,95.8,95,269,35.3,0,0.0,0.0,0,7,0,0,0
229,Jozabed,es  ESP,MF,Celta Vigo,27,1991,12.8,611,721,84.7,12549,3166,226,256,88.3,260,289,90.0,117,157,74.5,0,1.0,-1.0,9,73,6,1,48
230,Miguel Juan Llambrich,es  ESP,DF,Villarreal,22,1996,6.0,174,236,73.7,3014,1232,74,89,83.1,86,108,79.6,12,33,36.4,0,0.3,-0.3,3,9,5,2,15
231,Juanmi,es  ESP,"FW,MF",Real Sociedad,25,1993,16.9,305,375,81.3,4581,796,186,209,89.0,90,108,83.3,21,33,63.6,2,1.5,+0.5,7,11,11,2,21
232,Juanpe,es  ESP,DF,Girona,27,1991,30.7,1256,1515,82.9,28449,10836,288,318,90.6,723,791,91.4,238,388,61.3,0,0.4,-0.4,3,68,6,0,79
233,Juanpi,ve  VEN,"MF,FW",Huesca,24,1994,7.4,170,232,73.3,2825,804,93,110,84.5,50,66,75.8,22,47,46.8,2,0.5,+1.5,8,17,6,1,19
234,David Juncà,es  ESP,DF,Celta Vigo,24,1993,19.5,838,1044,80.3,14871,5836,359,395,90.9,394,458,86.0,75,168,44.6,3,0.8,+2.2,14,49,24,10,73
235,Vinicius Júnior,br  BRA,FW,Real Madrid,18,2000,9.7,230,315,73.0,3596,699,132,156,84.6,77,107,72.0,15,23,65.2,0,1.4,-1.4,14,7,13,6,22
236,Gaël Kakuta,cd  COD,"MF,FW",Rayo Vallecano,27,1991,8.0,189,280,67.5,3056,1175,104,130,80.0,62,97,63.9,18,41,43.9,0,0.3,-0.3,4,23,8,2,33
237,Nikola Kalinić,hr  CRO,FW,Atlético Madrid,30,1988,7.1,60,104,57.7,709,100,42,68,61.8,12,22,54.5,1,2,50.0,0,0.2,-0.2,3,2,2,0,3
238,Lee Kangin,kr  KOR,"FW,MF",Valencia,17,2001,0.3,8,15,53.3,134,58,6,7,85.7,1,3,33.3,1,4,25.0,0,0.0,0.0,1,1,1,0,2
239,Wilfrid Kaptoum,cm  CMR,MF,Betis,22,1996,8.6,286,331,86.4,4385,780,150,166,90.4,108,122,88.5,17,25,68.0,0,0.1,-0.1,2,19,1,0,15
240,Keko,es  ESP,"MF,FW",Valladolid,26,1991,17.0,345,538,64.1,6400,1876,168,216,77.8,119,172,69.2,48,106,45.3,1,2.2,-1.2,14,23,20,15,40
241,Kike,es  ESP,FW,Eibar,28,1989,14.4,281,406,69.2,3916,651,170,220,77.3,84,123,68.3,12,28,42.9,0,1.4,-1.4,14,16,10,2,20
242,Simon Kjær,dk  DEN,DF,Sevilla,29,1989,22.3,772,899,85.9,16879,5813,224,247,90.7,396,418,94.7,140,215,65.1,0,0.4,-0.4,5,38,6,0,39
243,Kenan Kodro,ba  BIH,"FW,MF",Athletic Club,24,1993,1.8,38,45,84.4,534,78,23,27,85.2,11,13,84.6,2,2,100.0,0,0.2,-0.2,2,0,0,0,2
244,Koke,es  ESP,MF,Atlético Madrid,26,1992,28.7,1698,2057,82.5,28913,8922,835,903,92.5,618,714,86.6,199,368,54.1,5,3.3,+1.7,59,181,35,5,145
245,Geoffrey Kondogbia,cf  CTA,MF,Valencia,25,1993,13.8,638,752,84.8,14025,3252,209,236,88.6,297,332,89.5,128,166,77.1,1,0.9,+0.1,6,77,11,0,69
246,Vasyl Kravets,ua  UKR,DF,Leganés,20,1997,5.3,158,222,71.2,2673,969,78,88,88.6,67,91,73.6,11,36,30.6,0,0.5,-0.5,6,8,6,3,14
247,Toni Kroos,de  GER,MF,Real Madrid,28,1990,24.7,1966,2204,89.2,39897,11028,829,866,95.7,741,795,93.2,367,490,74.9,4,3.6,+0.4,60,225,17,3,163
248,Víctor Laguardia,es  ESP,DF,Alavés,28,1989,36.0,919,1252,73.4,22649,10080,230,278,82.7,440,510,86.3,245,446,54.9,2,1.1,+0.9,7,89,8,0,92
249,Diego Lainez,mx  MEX,"MF,FW",Betis,18,2000,3.9,111,133,83.5,1423,312,71,73,97.3,34,42,81.0,3,7,42.9,1,0.4,+0.6,6,9,3,0,8
250,Toni Lato,es  ESP,DF,Valencia,20,1997,3.0,141,176,80.1,2556,1152,51,60,85.0,71,82,86.6,16,30,53.3,0,0.0,0.0,1,11,4,0,11
251,Miguel Layún,mx  MEX,"MF,DF",Villarreal,30,1988,5.6,201,286,70.3,3968,1349,91,107,85.0,76,105,72.4,32,71,45.1,1,1.3,-0.3,12,20,6,4,18
252,Robin Le Normand,fr  FRA,DF,Real Sociedad,21,1996,3.2,200,223,89.7,4516,1154,46,47,97.9,108,114,94.7,45,58,77.6,1,0.0,+1.0,1,8,1,0,9
253,Wu Lei,cn  CHN,"FW,MF",Espanyol,26,1991,11.8,156,221,70.6,2041,569,110,137,80.3,34,52,65.4,5,12,41.7,1,0.7,+0.3,9,6,14,3,16
254,Iñigo Lekue,es  ESP,DF,Athletic Club,25,1993,2.3,90,119,75.6,1573,658,46,54,85.2,33,43,76.7,9,20,45.0,0,0.1,-0.1,2,5,0,0,4
255,Thomas Lemar,fr  FRA,"MF,FW",Atlético Madrid,22,1995,20.2,820,1013,80.9,13101,3530,472,536,88.1,260,305,85.2,73,132,55.3,3,2.9,+0.1,37,59,28,4,81
256,Clément Lenglet,fr  FRA,DF,Barcelona,23,1995,21.5,1024,1146,89.4,21201,8387,340,361,94.2,508,540,94.1,172,232,74.1,0,0.0,0.0,0,40,0,0,48
257,Pedro León,es  ESP,"MF,FW",Eibar,31,1986,4.7,93,168,55.4,1667,666,51,68,75.0,26,46,56.5,16,45,35.6,0,0.2,-0.2,4,8,6,5,13
258,Sergio León,es  ESP,"FW,MF",Betis,29,1989,7.1,80,106,75.5,1158,130,46,57,80.7,26,32,81.3,5,9,55.6,1,0.5,+0.5,6,0,1,1,2
259,Diego Llorente,es  ESP,DF,Real Sociedad,24,1993,19.5,931,1091,85.3,21455,5973,211,232,90.9,523,564,92.7,197,289,68.2,0,0.1,-0.1,2,52,3,0,50
260,Marcos Llorente,es  ESP,MF,Real Madrid,23,1995,6.0,344,372,92.5,6978,1257,121,132,91.7,152,158,96.2,65,71,91.5,0,0.3,-0.3,4,16,0,0,10
261,Giovani Lo Celso,ar  ARG,"MF,FW",Betis,22,1996,26.6,1199,1452,82.6,20062,4599,582,653,89.1,484,565,85.7,110,167,65.9,4,3.6,+0.4,25,102,47,2,124
262,Stanislav Lobotka,sk  SVK,MF,Celta Vigo,23,1994,27.7,1284,1439,89.2,22612,5626,608,670,90.7,519,565,91.9,146,181,80.7,1,0.9,+0.1,20,105,12,1,106
263,Samuele Longo,it  ITA,"FW,MF",Huesca,26,1992,6.2,56,84,66.7,784,191,35,50,70.0,15,21,71.4,3,7,42.9,2,0.6,+1.4,3,5,1,0,5
264,Pedro López Muñoz,es  ESP,DF,Levante,34,1983,5.2,195,244,79.9,3510,1565,96,101,95.0,72,88,81.8,26,46,56.5,1,0.5,+0.5,7,14,10,5,28
265,Alejandro López,es  ESP,MF,Espanyol,21,1997,1.2,66,76,86.8,1376,224,21,22,95.5,33,35,94.3,11,15,73.3,0,0.0,0.0,0,5,1,1,4
266,David López,es  ESP,DF,Espanyol,28,1989,20.2,1053,1190,88.5,22290,7836,312,346,90.2,548,585,93.7,184,243,75.7,0,0.2,-0.2,4,65,5,1,61
267,Diego López,es  ESP,GK,Espanyol,36,1981,38.0,845,1203,70.2,27888,17624,108,108,100.0,372,375,99.2,364,719,50.6,0,0.0,0.0,1,14,1,0,0
268,Javi López,es  ESP,DF,Espanyol,32,1986,21.6,835,1086,76.9,14937,5853,358,407,88.0,389,478,81.4,79,162,48.8,1,1.5,-0.5,17,56,22,7,82
269,Lluis López,es  ESP,DF,Espanyol,21,1997,5.8,198,239,82.8,4158,1672,59,66,89.4,103,120,85.8,35,51,68.6,0,0.0,0.0,0,12,0,0,15
270,Pau López,es  ESP,GK,Betis,23,1994,33.0,989,1221,81.0,24902,15065,203,205,99.0,532,540,98.5,249,469,53.1,0,0.0,0.0,0,3,0,0,1
271,Roberto López,es  ESP,MF,Real Sociedad,18,2000,0.3,3,5,60.0,29,12,2,2,100.0,0,2,0.0,0,0,,0,0.0,0.0,0,0,0,0,0
272,Unai López,es  ESP,MF,Athletic Club,22,1995,3.6,214,250,85.6,4515,906,82,95,86.3,90,97,92.8,40,55,72.7,0,0.3,-0.3,2,28,7,2,17
273,Anthony Lozano,hn  HON,"FW,MF",Girona,25,1993,8.1,125,195,64.1,1778,473,73,95,76.8,39,57,68.4,6,24,25.0,0,0.6,-0.6,5,8,5,0,13
274,José Luis Gayà,es  ESP,DF,Valencia,23,1995,34.9,1449,1812,80.0,26365,9933,620,702,88.3,674,790,85.3,147,272,54.0,1,2.1,-1.1,25,123,39,15,149
275,José Luis Morales,es  ESP,"FW,MF",Levante,31,1987,35.5,548,808,67.8,8602,2609,311,383,81.2,178,255,69.8,46,113,40.7,5,5.6,-0.6,41,33,41,9,62
276,Filipe Luís,br  BRA,DF,Atlético Madrid,32,1985,22.6,1259,1523,82.7,21194,8036,630,677,93.1,496,584,84.9,112,216,51.9,2,1.1,+0.9,16,131,25,9,115
277,Luisinho,pt  POR,DF,Huesca,33,1985,5.6,209,245,85.3,3682,1334,85,90,94.4,109,122,89.3,14,30,46.7,0,0.3,-0.3,2,14,4,3,11
278,Douglas Luiz,br  BRA,MF,Girona,20,1998,16.6,634,766,82.8,13391,3332,211,244,86.5,286,327,87.5,124,178,69.7,0,0.4,-0.4,11,72,10,1,79
279,Antonio Luna,es  ESP,DF,Levante,27,1991,14.0,471,647,72.8,8073,3395,225,250,90.0,198,262,75.6,42,112,37.5,2,1.5,+0.5,12,27,17,9,49
280,Andriy Lunin,ua  UKR,GK,Leganés,19,1999,4.1,84,122,68.9,3516,2388,6,6,100.0,22,23,95.7,56,93,60.2,0,0.0,0.0,0,1,0,0,0
281,Nemanja Maksimović,rs  SRB,MF,Getafe,23,1995,35.7,583,779,74.8,9775,2540,273,341,80.1,212,278,76.3,63,106,59.4,0,0.7,-0.7,13,54,10,0,71
282,Malcom,br  BRA,"FW,DF",Barcelona,21,1997,6.8,273,329,83.0,3952,768,171,191,89.5,91,114,79.8,8,14,57.1,2,1.6,+0.4,12,8,4,1,21
283,Hugo Mallo,es  ESP,DF,Celta Vigo,27,1991,34.4,1450,1996,72.6,25732,10495,688,788,87.3,577,743,77.7,163,387,42.1,4,4.0,0.0,29,108,44,15,135
284,Aïssa Mandi,dz  ALG,DF,Betis,26,1991,34.0,2417,2610,92.6,47146,17277,909,959,94.8,1177,1256,93.7,312,359,86.9,1,1.2,-0.2,15,183,9,1,127
285,Martín Mantovani,ar  ARG,DF,Huesca,34,1984,7.8,180,211,85.3,3389,1126,70,76,92.1,80,89,89.9,26,38,68.4,0,0.0,0.0,1,4,0,0,7
286,Fran Manzanara,es  ESP,"DF,MF",Levante,21,1996,1.7,62,70,88.6,1184,247,23,25,92.0,28,30,93.3,10,12,83.3,0,0.0,0.0,0,2,0,0,0
287,Marcelo,br  BRA,DF,Real Madrid,30,1988,20.6,1250,1536,81.4,21370,8130,662,714,92.7,451,537,84.0,121,235,51.5,2,3.0,-1.0,35,109,56,14,161
288,Óscar de Marcos,es  ESP,"DF,FW",Athletic Club,29,1989,26.9,1032,1346,76.7,18203,6749,482,560,86.1,449,555,80.9,90,174,51.7,2,2.6,-0.6,24,66,29,15,99
289,Miguel Marí,es  ESP,MF,Eibar,21,1997,0.8,35,39,89.7,647,96,15,17,88.2,15,16,93.8,5,5,100.0,0,0.0,0.0,0,6,0,0,1
290,José María Giménez,uy  URU,DF,Atlético Madrid,23,1995,19.7,596,736,81.0,13937,5001,171,188,91.0,278,317,87.7,144,224,64.3,0,0.4,-0.4,2,43,5,0,26
291,Mariano,do  DOM,FW,Real Madrid,24,1993,5.0,72,95,75.8,1054,183,48,61,78.7,18,25,72.0,4,5,80.0,0,0.8,-0.8,5,3,3,0,7
292,Adrián Marín,es  ESP,"DF,MF",Alavés,21,1997,3.2,79,111,71.2,1318,790,40,43,93.0,32,44,72.7,6,21,28.6,0,0.0,0.0,0,6,0,0,6
293,Guillermo Maripán,cl  CHI,DF,Alavés,24,1994,22.3,527,679,77.6,12316,4898,142,161,88.2,248,285,87.0,132,219,60.3,2,0.6,+1.4,3,29,0,0,41
294,Roger Martí,es  ESP,FW,Levante,27,1991,21.0,268,385,69.6,4282,783,161,199,80.9,74,109,67.9,27,50,54.0,0,1.0,-1.0,13,23,11,1,24
295,Iñigo Martínez,es  ESP,DF,Athletic Club,27,1991,32.2,1113,1404,79.3,27464,9083,275,312,88.1,541,607,89.1,294,471,62.4,0,0.5,-0.5,5,92,6,0,85
296,Gelson Martins,pt  POR,FW,Atlético Madrid,23,1995,2.5,52,70,74.3,750,269,37,47,78.7,12,15,80.0,3,5,60.0,0,0.0,0.0,2,5,4,0,9
297,Jordi Masip,es  ESP,GK,Valladolid,29,1989,35.0,594,1144,51.9,23842,18102,44,44,100.0,215,218,98.6,335,880,38.1,0,0.1,-0.1,2,17,0,0,0
298,Jaime Mata,es  ESP,"FW,MF",Getafe,29,1988,27.0,424,691,61.4,6811,1580,225,331,68.0,145,219,66.2,37,77,48.1,6,3.0,+3.0,17,32,19,6,54
299,Borja Mayoral,es  ESP,FW,Levante,21,1997,18.0,327,394,83.0,4926,930,189,220,85.9,106,121,87.6,23,33,69.7,2,2.9,-0.9,21,16,13,2,28
300,Róbert Mazáň,sk  SVK,DF,Celta Vigo,24,1994,1.0,45,55,81.8,690,268,29,33,87.9,13,16,81.3,3,5,60.0,0,0.1,-0.1,1,0,1,0,1
301,Álvaro Medrán,es  ESP,MF,Rayo Vallecano,24,1994,12.8,631,781,80.8,12116,3675,272,300,90.7,247,284,87.0,100,173,57.8,0,1.5,-1.5,28,71,5,1,60
302,Óscar Melendo,es  ESP,"MF,FW",Espanyol,20,1997,22.2,760,895,84.9,12504,2911,367,404,90.8,306,348,87.9,70,100,70.0,5,3.3,+1.7,33,64,50,3,92
303,Gonzalo Melero,es  ESP,MF,Huesca,24,1994,14.9,623,714,87.3,10492,2608,326,359,90.8,227,259,87.6,63,79,79.7,1,1.1,-0.1,21,67,6,0,64
304,Arthur Melo,br  BRA,MF,Barcelona,21,1996,15.9,1211,1302,93.0,21656,4702,541,567,95.4,511,543,94.1,139,162,85.8,1,1.6,-0.6,17,139,8,0,82
305,Brais Méndez,es  ESP,"MF,FW",Celta Vigo,21,1997,26.1,918,1224,75.0,15670,4422,456,523,87.2,332,424,78.3,101,218,46.3,7,3.3,+3.7,43,75,29,6,89
306,Gabriel Mercado,ar  ARG,DF,Sevilla,31,1987,19.3,635,764,83.1,12191,4339,238,257,92.6,316,348,90.8,74,140,52.9,1,0.0,+1.0,0,37,4,0,37
307,Mikel Merino,es  ESP,MF,Real Sociedad,22,1996,22.8,883,1113,79.3,16528,4836,354,427,82.9,384,459,83.7,127,190,66.8,3,1.7,+1.3,15,111,21,7,115
308,Sabin Merino,es  ESP,"FW,MF",Leganés,26,1992,3.3,67,89,75.3,898,171,42,47,89.4,17,24,70.8,3,7,42.9,0,0.2,-0.2,3,2,2,0,5
309,Martín Merquelanz,es  ESP,MF,Real Sociedad,23,1995,0.1,0,0,,0,0,0,0,,0,0,,0,0,,0,0.0,0.0,0,0,0,0,0
310,Roque Mesa,es  ESP,MF,Sevilla,29,1989,19.4,828,973,85.1,14429,3472,423,468,90.4,299,334,89.5,91,132,68.9,2,1.4,+0.6,16,75,25,10,71
311,Lionel Messi,ar  ARG,FW,Barcelona,31,1987,30.1,1524,1939,78.6,26651,9132,822,922,89.2,488,633,77.1,193,309,62.5,13,13.6,-0.6,91,179,141,10,281
312,Míchel,es  ESP,MF,Valladolid,30,1988,28.4,1402,1731,81.0,29042,7806,517,578,89.4,596,681,87.5,263,419,62.8,2,3.8,-1.8,52,128,13,3,160
313,Miguel,es  ESP,MF,Valladolid,18,1999,0.1,5,7,71.4,53,2,4,5,80.0,1,2,50.0,0,0,,0,0.0,0.0,0,0,0,0,0
314,Pere Milla,es  ESP,"FW,MF",Eibar,25,1992,3.8,74,127,58.3,1119,340,36,51,70.6,34,50,68.0,3,19,15.8,0,0.2,-0.2,3,2,6,4,5
315,Santi Mina,es  ESP,FW,Valencia,22,1995,20.6,350,477,73.4,5570,877,194,246,78.9,118,160,73.8,28,40,70.0,5,2.6,+2.4,15,22,8,4,23
316,Ignasi Miquel,es  ESP,DF,Getafe,25,1992,3.5,51,88,58.0,1230,481,8,9,88.9,31,41,75.6,12,37,32.4,0,0.0,0.0,0,10,1,0,7
317,Jorge Miramón,es  ESP,DF,Huesca,29,1989,27.7,993,1357,73.2,18950,9409,427,488,87.5,418,560,74.6,140,269,52.0,0,1.7,-1.7,27,70,35,16,111
318,Luka Modrić,hr  CRO,MF,Real Madrid,32,1985,29.0,1725,1981,87.1,32100,8616,793,854,92.9,635,712,89.2,271,350,77.4,6,3.1,+2.9,48,205,41,5,176
319,Johan Mojica,co  COL,"DF,MF",Girona,25,1992,0.2,6,9,66.7,163,69,1,1,100.0,3,5,60.0,2,3,66.7,0,0.0,0.0,0,0,0,0,0
320,Jorge Molina,es  ESP,FW,Getafe,36,1982,29.4,500,749,66.8,7278,2017,311,419,74.2,145,212,68.4,31,52,59.6,5,5.3,-0.3,39,35,34,4,74
321,Victor Mollejo,es  ESP,"FW,MF",Atlético Madrid,17,2001,0.7,21,24,87.5,217,44,18,18,100.0,2,4,50.0,0,1,0.0,0,0.0,0.0,1,0,0,0,0
322,Francisco Montero,es  ESP,DF,Atlético Madrid,19,1999,4.5,119,156,76.3,2396,924,45,49,91.8,52,59,88.1,21,44,47.7,0,0.0,0.0,0,5,1,0,4
323,Emre Mor,tr  TUR,"FW,MF",Celta Vigo,21,1997,4.1,68,93,73.1,1196,317,27,38,71.1,28,34,82.4,8,11,72.7,0,0.1,-0.1,2,6,6,2,10
324,Álvaro Morata,es  ESP,FW,Atlético Madrid,25,1992,12.0,179,280,63.9,2230,322,114,157,72.6,48,87,55.2,4,10,40.0,1,1.3,-0.3,7,7,4,0,12
325,Álex Moreno,es  ESP,DF,Rayo Vallecano,25,1993,34.8,1178,1545,76.2,18960,6978,659,753,87.5,431,552,78.1,78,179,43.6,1,3.2,-2.2,36,70,44,17,113
326,Gerard Moreno,es  ESP,FW,Villarreal,26,1992,25.7,550,764,72.0,10018,2017,270,350,77.1,200,276,72.5,75,104,72.1,1,3.3,-2.3,34,47,22,7,69
327,Héctor Moreno,mx  MEX,DF,Real Sociedad,30,1988,21.5,1037,1212,85.6,22071,7618,285,308,92.5,587,624,94.1,161,263,61.2,0,0.5,-0.5,4,66,3,0,89
328,Sergio Moreno,es  ESP,MF,Rayo Vallecano,19,1999,0.2,1,1,100.0,24,0,0,0,,1,1,100.0,0,0,,0,0.0,0.0,0,0,0,0,0
329,Manu Morlanes,es  ESP,MF,Villarreal,19,1999,6.8,273,330,82.7,5201,1456,109,128,85.2,124,146,84.9,36,47,76.6,3,1.0,+2.0,9,39,8,0,39
330,Loren Morón,es  ESP,FW,Betis,24,1993,21.7,272,366,74.3,3621,646,175,201,87.1,75,102,73.5,9,24,37.5,0,1.3,-1.3,12,12,11,1,23
331,Toni Moya,es  ESP,DF,Atlético Madrid,20,1998,1.0,45,50,90.0,1020,372,11,11,100.0,20,22,90.9,14,17,82.4,0,0.0,0.0,0,3,0,0,3
332,Javi Moyano,es  ESP,DF,Valladolid,32,1986,23.3,725,972,74.6,13626,5882,298,340,87.6,336,421,79.8,86,186,46.2,0,0.4,-0.4,10,48,12,1,76
333,Iker Muniain,es  ESP,"FW,MF",Athletic Club,25,1992,26.5,1052,1250,84.2,18130,4409,506,572,88.5,412,478,86.2,114,162,70.4,3,3.3,-0.3,29,122,35,6,118
334,Marc Muniesa,es  ESP,"DF,MF",Girona,26,1992,15.6,708,887,79.8,13995,5936,261,288,90.6,342,401,85.3,93,169,55.0,0,0.5,-0.5,8,51,11,2,66
335,Aihen Muñoz,es  ESP,DF,Real Sociedad,20,1997,10.6,387,521,74.3,6991,2876,165,193,85.5,178,226,78.8,41,81,50.6,0,0.2,-0.2,7,15,10,6,21
336,Ezequiel Muñoz,ar  ARG,DF,Leganés,27,1990,2.3,94,114,82.5,2215,492,20,25,80.0,52,55,94.5,22,32,68.8,0,0.0,0.0,0,3,0,0,4
337,Joaquín Muñoz,es  ESP,MF,Atlético Madrid,19,1999,0.0,0,1,0.0,0,0,0,0,,0,0,,0,1,0.0,0,0.0,0.0,0,0,0,0,0
338,Luis Muriel,co  COL,"MF,FW",Sevilla,27,1991,1.4,35,44,79.5,517,122,23,28,82.1,10,11,90.9,2,4,50.0,1,0.1,+0.9,2,3,0,0,3
339,Damián Musto,ar  ARG,MF,Huesca,31,1987,18.7,628,778,80.7,11786,3307,265,312,84.9,266,316,84.2,86,130,66.2,0,0.1,-0.1,6,54,4,0,52
340,Naldo,br  BRA,DF,Espanyol,29,1988,15.1,494,597,82.7,10687,3784,144,160,90.0,241,276,87.3,106,155,68.4,1,0.1,+0.9,1,14,0,0,19
341,Ximo Navarro,es  ESP,DF,Alavés,28,1990,28.1,779,1001,77.8,15337,6160,295,335,88.1,369,435,84.8,108,199,54.3,2,1.2,+0.8,13,53,13,8,57
342,Jesús Navas,es  ESP,"DF,MF",Sevilla,32,1985,30.1,1361,1836,74.1,25155,8870,633,731,86.6,514,688,74.7,193,332,58.1,5,5.6,-0.6,41,107,77,37,168
343,Keylor Navas,cr  CRC,GK,Real Madrid,31,1986,10.0,222,284,78.2,6249,3197,23,23,100.0,130,131,99.2,68,129,52.7,0,0.0,0.0,0,1,0,0,0
344,Raúl Navas,es  ESP,DF,Real Sociedad,30,1988,14.6,765,876,87.3,16777,4745,187,204,91.7,434,466,93.1,139,195,71.3,0,0.1,-0.1,5,49,3,2,32
345,Neto,br  BRA,GK,Valencia,29,1989,34.0,494,842,58.7,18372,13611,53,53,100.0,187,191,97.9,252,596,42.3,0,0.0,0.0,1,9,0,0,1
346,Saúl Ñíguez,es  ESP,"MF,DF",Atlético Madrid,23,1994,32.5,1246,1619,77.0,20665,6330,634,734,86.4,504,646,78.0,91,183,49.7,1,1.5,-0.5,15,109,23,5,106
347,Peru Nolaskoain,es  ESP,DF,Athletic Club,19,1998,5.2,237,272,87.1,5051,1862,70,80,87.5,120,136,88.2,46,53,86.8,0,0.1,-0.1,1,21,3,0,22
348,Nolito,es  ESP,FW,Sevilla,31,1986,0.8,21,30,70.0,406,92,9,13,69.2,7,9,77.8,5,7,71.4,0,0.0,0.0,0,1,0,0,3
349,Unai Núñez,es  ESP,DF,Athletic Club,21,1997,11.8,468,534,87.6,10779,3322,116,128,90.6,243,264,92.0,108,141,76.6,0,0.2,-0.2,3,24,1,0,34
350,Allan Nyom,cm  CMR,DF,Leganés,30,1988,19.0,473,638,74.1,7737,3487,249,286,87.1,174,228,76.3,42,99,42.4,1,2.1,-1.1,26,31,31,24,46
351,Jan Oblak,si  SVN,GK,Atlético Madrid,25,1993,37.0,468,850,55.1,19833,15260,48,48,100.0,137,142,96.5,282,658,42.9,0,0.0,0.0,0,19,0,0,0
352,Álvaro Odriozola,es  ESP,DF,Real Madrid,22,1995,13.1,667,779,85.6,9899,2993,421,461,91.3,194,229,84.7,42,56,75.0,2,2.6,-0.6,16,18,16,7,25
353,Dani Ojeda,es  ESP,"MF,DF",Leganés,23,1994,2.1,49,71,69.0,856,220,26,36,72.2,17,22,77.3,6,11,54.5,0,0.3,-0.3,2,2,1,1,3
354,Lucas Olaza,uy  URU,DF,Celta Vigo,24,1994,10.0,368,491,74.9,6800,3057,158,167,94.6,165,207,79.7,41,100,41.0,2,0.5,+1.5,7,28,11,6,24
355,Oier Olazábal,es  ESP,GK,Levante,28,1989,21.0,343,565,60.7,13139,9262,23,23,100.0,136,142,95.8,184,400,46.0,0,0.2,-0.2,1,6,1,0,0
356,Kiko Olivas,es  ESP,DF,Valladolid,29,1988,34.4,1187,1356,87.5,24009,6730,384,416,92.3,591,622,95.0,196,293,66.9,0,0.3,-0.3,5,60,4,0,61
357,Paulo Oliveira,pt  POR,DF,Eibar,26,1992,24.9,681,964,70.6,17826,5541,106,137,77.4,347,408,85.0,223,396,56.3,0,0.1,-0.1,1,69,2,0,79
358,Mathías Olivera,uy  URU,"DF,MF",Getafe,20,1997,11.2,200,351,57.0,3073,1637,115,156,73.7,70,130,53.8,12,48,25.0,1,1.2,-0.2,5,20,7,3,29
359,Kenneth Omeruo,ng  NGA,DF,Leganés,24,1993,27.0,768,942,81.5,17945,5545,197,216,91.2,370,416,88.9,193,289,66.8,0,0.1,-0.1,2,39,3,1,42
360,Fabián Orellana,cl  CHI,"MF,FW",Eibar,32,1986,30.4,973,1316,73.9,16617,3632,481,611,78.7,381,482,79.0,103,164,62.8,5,4.6,+0.4,45,55,54,14,108
361,Mikel Oyarzabal,es  ESP,"FW,MF",Real Sociedad,21,1997,35.0,733,1010,72.6,11723,3051,406,488,83.2,247,335,73.7,64,120,53.3,2,4.9,-2.9,42,45,28,8,74
362,Fernando Pacheco,es  ESP,GK,Alavés,26,1992,35.0,580,1041,55.7,24678,18979,43,45,95.6,153,155,98.7,381,838,45.5,0,0.1,-0.1,3,16,0,0,0
363,Rubén Pardo,es  ESP,"MF,FW",Real Sociedad,25,1992,15.2,683,883,77.3,13655,4168,260,291,89.3,305,349,87.4,105,214,49.1,2,2.7,-0.7,39,76,19,4,71
364,Daniel Parejo,es  ESP,MF,Valencia,29,1989,34.0,1967,2407,81.7,41806,15604,688,765,89.9,880,998,88.2,384,594,64.6,7,7.2,-0.2,79,258,41,6,294
365,Thomas Partey,gh  GHA,MF,Atlético Madrid,25,1993,23.0,1170,1406,83.2,21496,6716,550,618,89.0,450,514,87.5,155,242,64.0,4,1.2,+2.8,18,127,24,2,131
366,Gabriel Paulista,br  BRA,DF,Valencia,27,1990,29.1,1142,1289,88.6,25506,9114,301,325,92.6,599,641,93.4,236,309,76.4,1,0.4,+0.6,4,60,3,0,58
367,Alfonso Pedraza,es  ESP,"DF,FW",Villarreal,22,1996,23.3,726,992,73.2,12130,4730,351,421,83.4,317,399,79.4,44,111,39.6,3,3.9,-0.9,25,34,31,12,79
368,Pedrosa,es  ESP,DF,Espanyol,20,1998,8.5,244,310,78.7,4187,1291,123,138,89.1,98,121,81.0,20,45,44.4,0,0.6,-0.6,7,10,5,0,12
369,Rubén Peña,es  ESP,DF,Eibar,27,1991,29.7,1312,1930,68.0,26700,14205,472,573,82.4,603,806,74.8,224,478,46.9,2,4.1,-2.1,44,157,71,42,204
370,Carles Pérez,es  ESP,FW,Barcelona,20,1998,0.2,6,7,85.7,117,18,1,2,50.0,5,5,100.0,0,0,,0,0.0,0.0,0,0,1,0,1
371,Hernán Pérez,py  PAR,"FW,MF",Espanyol,29,1989,8.8,178,272,65.4,3137,1058,90,118,76.3,74,108,68.5,13,32,40.6,2,2.3,-0.3,17,11,16,6,23
372,Rubén Pérez,es  ESP,MF,Leganés,29,1989,27.5,1110,1382,80.3,22609,6476,427,491,87.0,484,567,85.4,190,296,64.2,0,1.4,-1.4,15,120,5,2,112
373,Pablo Piatti,ar  ARG,"FW,MF",Espanyol,29,1989,8.3,193,297,65.0,3220,918,100,126,79.4,70,102,68.6,18,56,32.1,0,1.4,-1.4,13,12,15,4,24
374,Cristiano Piccini,it  ITA,DF,Valencia,25,1992,20.8,805,1025,78.5,14828,5679,348,385,90.4,352,435,80.9,96,170,56.5,0,0.9,-0.9,6,58,24,11,78
375,Tomás Pina Isla,es  ESP,MF,Alavés,30,1987,26.0,886,1059,83.7,15754,4958,377,440,85.7,401,445,90.1,91,131,69.5,0,1.5,-1.5,19,85,6,2,108
376,Gerard Piqué,es  ESP,DF,Barcelona,31,1987,35.0,2230,2429,91.8,46352,14931,666,710,93.8,1209,1277,94.7,343,420,81.7,2,1.5,+0.5,8,156,5,0,103
377,Carles Planas,es  ESP,"DF,MF",Girona,27,1991,4.7,165,223,74.0,3047,1155,63,71,88.7,82,106,77.4,18,41,43.9,1,0.4,+0.6,2,8,6,4,21
378,Óscar Plano,es  ESP,"MF,FW",Valladolid,27,1991,29.9,666,887,75.1,11292,2996,317,379,83.6,258,330,78.2,71,131,54.2,4,4.1,-0.1,32,66,27,8,72
379,Stiven Plaza,ec  ECU,"FW,MF",Valladolid,19,1999,0.4,5,7,71.4,54,6,4,4,100.0,1,2,50.0,0,0,,0,0.0,0.0,0,0,0,0,0
380,Pere Pons,es  ESP,MF,Girona,25,1993,31.0,964,1228,78.5,17435,4270,428,518,82.6,417,505,82.6,110,168,65.5,2,1.8,+0.2,14,83,11,2,78
381,Pedro Porro,es  ESP,"DF,MF",Girona,18,1999,24.6,859,1230,69.8,16932,6451,334,396,84.3,390,513,76.0,124,261,47.5,4,2.3,+1.7,23,77,36,20,109
382,Francisco Portillo,es  ESP,"MF,FW",Getafe,28,1990,22.2,592,808,73.3,9376,3340,331,394,84.0,194,256,75.8,58,111,52.3,4,2.3,+1.7,23,54,39,6,98
383,Portu,es  ESP,"FW,MF",Girona,26,1992,31.3,508,719,70.7,7893,2315,278,347,80.1,189,270,70.0,34,67,50.7,2,3.3,-1.3,33,40,36,17,67
384,Sergio Postigo,es  ESP,DF,Levante,29,1988,16.1,392,495,79.2,8761,3624,114,123,92.7,195,216,90.3,79,144,54.9,1,0.8,+0.2,4,41,4,0,42
385,José Pozo,es  ESP,"MF,FW",Rayo Vallecano,22,1996,18.0,617,768,80.3,10180,2655,311,360,86.4,244,291,83.8,51,95,53.7,0,1.4,-1.4,29,67,24,2,73
386,Sanjin Prcić,ba  BIH,MF,Levante,24,1993,5.9,231,280,82.5,4330,1204,98,112,87.5,104,117,88.9,27,46,58.7,0,0.1,-0.1,2,24,3,0,27
387,Quincy Promes,nl  NED,"DF,MF",Sevilla,26,1992,17.6,724,940,77.0,12079,4469,370,428,86.4,279,362,77.1,65,110,59.1,3,3.4,-0.4,26,54,32,12,79
388,Javi Puado,es  ESP,"FW,MF",Espanyol,20,1998,4.0,63,86,73.3,836,195,43,53,81.1,17,26,65.4,2,4,50.0,0,0.7,-0.7,4,5,3,0,6
389,Riqui Puig,es  ESP,MF,Barcelona,18,1999,1.7,111,122,91.0,1817,255,55,62,88.7,50,51,98.0,5,8,62.5,0,0.6,-0.6,2,13,1,0,6
390,Jorge Pulido,es  ESP,DF,Huesca,27,1991,30.9,814,1070,76.1,16211,6328,302,341,88.6,375,448,83.7,129,252,51.2,3,0.8,+2.2,11,43,8,2,56
391,Xavi Quintillà,es  ESP,DF,Villarreal,21,1996,7.0,288,366,78.7,4801,2082,147,156,94.2,121,152,79.6,18,47,38.3,0,0.4,-0.4,5,19,3,3,24
392,Dani Raba,es  ESP,MF,Villarreal,22,1995,2.1,71,96,74.0,1294,179,30,37,81.1,28,34,82.4,11,19,57.9,1,0.7,+0.3,5,2,2,0,5
393,Rafinha,br  BRA,"FW,MF",Barcelona,25,1993,2.5,137,152,90.1,2282,354,75,81,92.6,52,59,88.1,9,11,81.8,0,0.1,-0.1,2,11,2,0,8
394,Ivan Rakitić,hr  CRO,MF,Barcelona,30,1988,29.4,2357,2602,90.6,43441,11078,1024,1091,93.9,990,1066,92.9,301,380,79.2,5,2.3,+2.7,16,275,34,4,189
395,Jonás Ramalho,es  ESP,DF,Girona,25,1993,18.0,648,791,81.9,12964,4798,209,224,93.3,353,396,89.1,83,146,56.8,0,0.1,-0.1,2,27,6,2,42
396,Sandro Ramírez,es  ESP,"FW,MF",Real Sociedad,23,1995,11.7,280,384,72.9,4650,1242,141,169,83.4,108,144,75.0,24,52,46.2,0,1.3,-1.3,19,19,14,4,31
397,Iván Ramis,es  ESP,DF,Eibar,33,1984,18.6,647,784,82.5,16774,4745,110,126,87.3,324,355,91.3,206,291,70.8,0,0.0,0.0,1,51,0,0,59
398,Chris Ramos,es  ESP,FW,Valladolid,21,1997,0.7,1,8,12.5,21,14,0,2,0.0,1,4,25.0,0,1,0.0,0,0.0,0.0,0,0,0,0,1
399,Sergio Ramos,es  ESP,DF,Real Madrid,32,1986,27.5,1771,1933,91.6,38957,14729,563,597,94.3,818,868,94.2,379,450,84.2,1,0.8,+0.2,7,147,6,0,100
400,Recio,es  ESP,MF,Leganés,27,1991,14.3,562,665,84.5,9726,2524,272,297,91.6,218,253,86.2,62,86,72.1,0,0.1,-0.1,6,46,4,1,41
401,Sergio Reguilón,es  ESP,DF,Real Madrid,21,1996,12.4,663,780,85.0,10499,3715,389,415,93.7,210,244,86.1,54,90,60.0,2,1.5,+0.5,15,49,11,4,47
402,Diego Reyes,mx  MEX,DF,Leganés,25,1992,3.6,150,177,84.7,3413,1377,43,46,93.5,77,87,88.5,29,41,70.7,0,0.1,-0.1,1,20,1,0,16
403,Mikel Rico,es  ESP,MF,Athletic Club,33,1984,2.7,72,92,78.3,1206,314,41,47,87.2,22,31,71.0,8,11,72.7,0,0.0,0.0,1,2,2,0,7
404,Asier Riesgo,es  ESP,GK,Eibar,34,1983,14.0,218,384,56.8,10123,8302,17,17,100.0,49,50,98.0,152,317,47.9,0,0.0,0.0,0,25,0,0,0
405,Cristian Rivera,es  ESP,MF,Huesca,21,1997,18.8,580,719,80.7,10881,2632,234,279,83.9,260,289,90.0,76,116,65.5,0,0.7,-0.7,13,48,9,3,46
406,Rober,es  ESP,DF,Levante,23,1995,31.7,899,1097,82.0,18948,6597,276,331,83.4,444,492,90.2,170,250,68.0,0,0.4,-0.4,6,52,5,0,61
407,Sergi Roberto,es  ESP,"DF,MF",Barcelona,26,1992,23.2,1603,1779,90.1,24611,6372,906,958,94.6,585,652,89.7,82,108,75.9,7,3.4,+3.6,26,75,29,5,101
408,Patrick Roberts,eng  ENG,FW,Girona,21,1997,6.7,156,196,79.6,2620,689,83,101,82.2,57,70,81.4,14,19,73.7,0,0.5,-0.5,8,12,10,2,19
409,Joel Robles,es  ESP,GK,Betis,28,1990,5.0,147,186,79.0,4120,2590,27,27,100.0,73,75,97.3,47,84,56.0,0,0.0,0.0,0,2,0,0,0
410,Marc Roca,es  ESP,MF,Espanyol,21,1996,34.6,1696,1937,87.6,34899,10283,606,677,89.5,778,871,89.3,298,362,82.3,2,2.8,-0.8,23,195,27,2,201
411,Rubén Rochina,es  ESP,MF,Levante,27,1991,20.0,703,1021,68.9,14332,4882,315,363,86.8,228,313,72.8,145,301,48.2,5,4.5,+0.5,28,102,29,5,95
412,Rodri,es  ESP,MF,Atlético Madrid,22,1996,30.4,1767,1937,91.2,32494,8693,754,805,93.7,779,835,93.3,213,262,81.3,1,0.9,+0.1,17,179,10,0,129
413,Rodrigo,es  ESP,FW,Valencia,27,1991,28.1,621,867,71.6,10413,2123,344,427,80.6,203,282,72.0,66,109,60.6,6,3.7,+2.3,30,52,30,2,81
414,Kévin Rodrigues,pt  POR,DF,Real Sociedad,24,1994,5.4,186,239,77.8,3313,1570,88,101,87.1,81,97,83.5,17,35,48.6,0,0.6,-0.6,7,12,3,2,23
415,Óscar Rodríguez Arnaiz,es  ESP,"MF,FW",Leganés,20,1998,27.8,757,1088,69.6,14083,3977,364,451,80.7,264,348,75.9,118,244,48.4,3,3.6,-0.6,45,68,29,11,78
416,Ángel Rodríguez,es  ESP,FW,Getafe,31,1987,20.2,242,377,64.2,4123,1120,117,163,71.8,77,122,63.1,33,57,57.9,3,3.2,-0.2,16,25,19,4,41
417,Marko Rog,hr  CRO,MF,Sevilla,23,1995,4.0,183,216,84.7,2706,550,104,119,87.4,64,72,88.9,11,19,57.9,0,0.1,-0.1,4,12,4,1,11
418,Roberto Rosales,ve  VEN,DF,Espanyol,29,1988,19.4,880,1141,77.1,17395,7762,354,392,90.3,384,483,79.5,136,228,59.6,1,1.0,0.0,14,55,26,8,106
419,Waldo Rubio,es  ESP,"MF,FW",Valladolid,22,1995,5.5,93,151,61.6,1565,528,46,61,75.4,39,56,69.6,6,23,26.1,0,0.3,-0.3,6,6,6,1,15
420,Abel Ruiz,es  ESP,FW,Barcelona,18,2000,0.2,9,12,75.0,108,18,6,7,85.7,3,5,60.0,0,0,,0,0.1,-0.1,1,0,0,0,0
421,Víctor Ruiz,es  ESP,DF,Villarreal,29,1989,21.9,1038,1211,85.7,21490,8652,351,372,94.4,511,553,92.4,170,265,64.2,0,0.3,-0.3,5,89,13,0,76
422,Gerónimo Rulli,ar  ARG,GK,Real Sociedad,26,1992,27.0,779,1056,73.8,23981,13853,93,94,98.9,395,398,99.2,290,562,51.6,0,0.1,-0.1,1,6,0,0,0
423,Samuel Sáiz,es  ESP,"FW,MF",Getafe,27,1991,3.4,98,142,69.0,2114,531,34,55,61.8,42,53,79.2,20,30,66.7,0,0.2,-0.2,4,5,5,0,13
424,Mikel San José,es  ESP,MF,Athletic Club,29,1989,19.3,567,743,76.3,10273,3497,263,319,82.4,224,279,80.3,69,113,61.1,0,1.4,-1.4,13,66,22,3,94
425,Antonio Sanabria,py  PAR,FW,Betis,22,1996,9.0,118,148,79.7,1724,315,63,74,85.1,40,51,78.4,9,13,69.2,0,0.1,-0.1,1,4,3,0,7
426,Javi Sánchez,es  ESP,DF,Real Madrid,21,1997,0.5,8,8,100.0,220,63,1,1,100.0,4,4,100.0,3,3,100.0,0,0.0,0.0,0,0,0,0,0
427,Víctor Sánchez,es  ESP,MF,Espanyol,30,1987,14.1,459,574,80.0,7517,2419,232,258,89.9,162,198,81.8,45,78,57.7,2,0.7,+1.3,7,47,7,2,38
428,Luca Sangalli,es  ESP,"MF,FW",Real Sociedad,23,1995,11.1,282,390,72.3,4859,1252,133,165,80.6,106,143,74.1,36,63,57.1,3,1.3,+1.7,12,31,11,3,24
429,Nicola Sansone,it  ITA,"FW,MF",Villarreal,26,1991,0.4,11,16,68.8,161,52,7,10,70.0,4,5,80.0,0,0,,1,0.1,+0.9,1,1,0,0,2
430,Roberto Santamaría,es  ESP,GK,Huesca,33,1985,20.0,301,586,51.4,15922,13042,10,11,90.9,53,58,91.4,238,517,46.0,0,0.0,0.0,1,23,0,0,1
431,Michael Santos,uy  URU,"FW,MF",Leganés,25,1993,6.2,71,104,68.3,1006,258,47,59,79.7,17,30,56.7,4,5,80.0,3,0.9,+2.1,6,4,5,1,11
432,Pablo Sarabia,es  ESP,"MF,FW",Sevilla,26,1992,30.3,1062,1447,73.4,17903,5951,556,659,84.4,384,477,80.5,104,240,43.3,13,9.2,+3.8,68,89,72,21,144
433,Lluís Sastre,es  ESP,MF,Huesca,32,1986,1.3,74,95,77.9,1270,316,33,38,86.8,32,33,97.0,8,19,42.1,0,0.0,0.0,1,9,3,0,10
434,Stefan Savić,me  MNE,DF,Atlético Madrid,27,1991,15.5,447,542,82.5,9887,3394,142,153,92.8,207,227,91.2,97,158,61.4,2,0.1,+1.9,2,43,1,0,33
435,Alfa Semedo,gw  GNB,MF,Espanyol,20,1997,0.5,18,25,72.0,362,114,7,11,63.6,8,10,80.0,2,2,100.0,0,0.0,0.0,1,2,0,0,1
436,Nélson Semedo,pt  POR,DF,Barcelona,24,1993,17.8,1098,1217,90.2,15826,3747,685,729,94.0,341,382,89.3,52,66,78.8,0,0.4,-0.4,4,45,9,0,37
437,Rúben Semedo,pt  POR,DF,Huesca,24,1994,9.4,316,364,86.8,7235,2106,71,78,91.0,176,193,91.2,67,87,77.0,0,0.0,0.0,0,8,2,0,18
438,Paik Seung-ho,kr  KOR,"FW,MF",Girona,21,1997,0.7,17,20,85.0,331,108,10,12,83.3,5,5,100.0,2,3,66.7,0,0.0,0.0,0,4,0,0,2
439,Gaku Shibasaki,jp  JPN,"MF,FW",Getafe,26,1992,4.3,83,137,60.6,1610,530,35,51,68.6,34,51,66.7,11,26,42.3,0,0.1,-0.1,2,6,5,3,14
440,Sidnei,br  BRA,DF,Betis,28,1989,19.4,1133,1271,89.1,22304,5888,405,439,92.3,563,604,93.2,159,213,74.6,0,0.1,-0.1,2,65,5,1,64
441,André Silva,pt  POR,FW,Sevilla,22,1995,24.0,399,550,72.5,5551,1557,264,332,79.5,108,145,74.5,16,33,48.5,0,4.0,-4.0,28,30,26,3,60
442,Jonathan Silva,ar  ARG,DF,Leganés,24,1994,30.0,869,1290,67.4,16393,8234,400,475,84.2,326,436,74.8,125,320,39.1,6,3.4,+2.6,46,69,35,23,88
443,Moses Simon,ng  NGA,"DF,MF",Levante,23,1995,8.7,212,299,70.9,3640,1414,102,123,82.9,86,113,76.1,20,46,43.5,1,0.5,+0.5,6,18,5,1,25
444,Unai Simón,es  ESP,GK,Athletic Club,21,1997,7.0,112,183,61.2,4122,2874,13,13,100.0,48,50,96.0,51,120,42.5,0,0.0,0.0,0,2,0,0,0
445,Dimitris Siovas,gr  GRE,DF,Leganés,29,1988,32.9,1052,1448,72.7,23423,8871,288,343,84.0,537,653,82.2,215,421,51.1,0,1.3,-1.3,12,87,10,2,107
446,Pione Sisto,dk  DEN,"FW,MF",Celta Vigo,23,1995,9.4,379,456,83.1,6376,1391,210,228,92.1,121,142,85.2,41,66,62.1,1,1.2,-0.2,15,25,10,1,32
447,Antonio Sivera,es  ESP,GK,Alavés,21,1996,3.0,47,102,46.1,2387,1994,3,3,100.0,7,7,100.0,37,92,40.2,0,0.1,-0.1,1,0,0,0,0
448,Alex Sola,es  ESP,DF,Real Sociedad,19,1999,1.0,61,76,80.3,953,404,33,37,89.2,26,34,76.5,2,3,66.7,0,0.1,-0.1,1,5,1,1,3
449,Andrés Solano,co  COL,DF,Atlético Madrid,20,1998,0.5,22,27,81.5,423,140,9,9,100.0,11,15,73.3,2,3,66.7,0,0.0,0.0,0,0,0,0,2
450,Carlos Soler,es  ESP,MF,Valencia,21,1997,27.3,749,983,76.2,13195,4483,356,423,84.2,290,365,79.5,87,154,56.5,6,3.9,+2.1,33,69,34,12,104
451,Kévin Soni,cm  CMR,"FW,DF",Girona,20,1998,0.9,19,26,73.1,287,49,12,14,85.7,6,8,75.0,1,4,25.0,0,0.2,-0.2,3,1,0,0,1
452,David Soria,es  ESP,GK,Getafe,25,1993,37.0,454,1071,42.4,24759,20646,4,7,57.1,60,62,96.8,390,1001,39.0,0,0.1,-0.1,2,62,4,0,0
453,Juan Soriano,es  ESP,GK,Sevilla,20,1997,4.0,78,145,53.8,2605,1566,10,11,90.9,31,32,96.9,36,100,36.0,0,0.0,0.0,0,0,0,0,0
454,Cristhian Stuani,uy  URU,FW,Girona,31,1986,30.3,352,501,70.3,5096,606,216,277,78.0,100,156,64.1,19,32,59.4,0,1.0,-1.0,14,19,5,0,18
455,Damián Suárez,uy  URU,DF,Getafe,30,1988,36.0,1333,1966,67.8,28744,15942,523,620,84.4,542,734,73.8,257,555,46.3,3,4.3,-1.3,62,126,52,21,164
456,Denis Suárez,es  ESP,MF,Barcelona,24,1994,0.2,14,20,70.0,225,62,8,10,80.0,5,7,71.4,1,1,100.0,0,0.1,-0.1,1,0,2,1,1
457,Leonardo Suárez,ar  ARG,"FW,MF",Valladolid,22,1996,5.7,114,149,76.5,1921,518,55,68,80.9,45,57,78.9,13,19,68.4,0,0.4,-0.4,3,15,4,0,17
458,Luis Suárez,uy  URU,FW,Barcelona,31,1987,31.4,767,1025,74.8,12821,2315,424,523,81.1,233,307,75.9,85,114,74.6,6,6.7,-0.7,50,38,39,5,69
459,Mario Suárez,es  ESP,MF,Rayo Vallecano,31,1987,11.4,454,558,81.4,8709,2588,179,200,89.5,200,243,82.3,66,100,66.0,0,0.6,-0.6,9,43,6,0,42
460,Markel Susaeta,es  ESP,FW,Athletic Club,30,1987,15.3,474,651,72.8,7638,2061,251,291,86.3,170,213,79.8,43,115,37.4,2,2.4,-0.4,33,27,22,8,26
461,Rodrigo Tarín,es  ESP,DF,Leganés,22,1996,15.9,392,525,74.7,8235,3022,119,140,85.0,209,255,82.0,59,113,52.2,0,0.0,0.0,1,22,3,1,22
462,Cristian Tello,es  ESP,"DF,MF",Betis,26,1991,17.5,785,935,84.0,13467,3339,393,444,88.5,305,353,86.4,78,107,72.9,6,2.7,+3.3,25,39,23,7,61
463,Marc-André ter Stegen,de  GER,GK,Barcelona,26,1992,35.0,911,1060,85.9,24793,14973,141,142,99.3,471,475,99.2,295,439,67.2,0,0.0,0.0,1,5,0,0,0
464,David Timor,es  ESP,"MF,FW",Girona,28,1989,1.8,72,92,78.3,1520,330,27,32,84.4,32,39,82.1,13,21,61.9,0,0.1,-0.1,2,4,2,0,4
465,Tito,es  ESP,DF,Rayo Vallecano,33,1985,12.2,481,617,78.0,7927,3627,231,256,90.2,219,275,79.6,29,71,40.8,0,0.1,-0.1,6,39,4,2,39
466,Jean-Clair Todibo,fr  FRA,DF,Barcelona,18,1999,1.7,108,116,93.1,1856,607,43,43,100.0,59,63,93.7,5,9,55.6,0,0.0,0.0,0,5,0,0,7
467,Karl Toko Ekambi,cm  CMR,FW,Villarreal,25,1992,23.8,380,520,73.1,6158,995,211,260,81.2,130,180,72.2,33,53,62.3,1,1.7,-0.7,21,17,14,6,27
468,Raúl de Tomás,es  ESP,FW,Rayo Vallecano,23,1994,31.3,402,501,80.2,7188,1100,201,233,86.3,137,156,87.8,54,85,63.5,1,1.8,-0.8,20,32,11,0,37
469,Toño,es  ESP,"DF,MF",Levante,28,1989,19.6,657,885,74.2,10374,5197,366,422,86.7,245,310,79.0,40,118,33.9,2,1.5,+0.5,17,53,20,4,82
470,Daniel Torres,co  COL,MF,Alavés,28,1989,0.8,14,16,87.5,217,59,6,6,100.0,8,8,100.0,0,1,0.0,0,0.0,0.0,0,0,0,0,0
471,Ferrán Torres,es  ESP,"MF,FW",Valencia,18,2000,9.4,245,338,72.5,3910,1238,133,170,78.2,84,109,77.1,21,40,52.5,1,1.5,-0.5,12,10,20,7,29
472,Óscar Trejo,ar  ARG,"MF,FW",Rayo Vallecano,30,1988,19.6,669,877,76.3,10262,3059,372,439,84.7,236,295,80.0,42,98,42.9,4,2.4,+1.6,25,72,18,3,86
473,Manu Trigueros,es  ESP,MF,Villarreal,26,1991,17.2,863,1006,85.8,16473,4705,342,368,92.9,392,436,89.9,120,182,65.9,0,1.3,-1.3,14,95,19,0,88
474,Patrick Twumasi,gh  GHA,"MF,FW",Alavés,24,1994,1.9,45,71,63.4,899,296,17,24,70.8,16,19,84.2,10,24,41.7,0,0.4,-0.4,2,4,5,3,5
475,Samuel Umtiti,fr  FRA,DF,Barcelona,24,1993,13.2,839,892,94.1,16155,5395,292,304,96.1,425,444,95.7,115,133,86.5,1,0.4,+0.6,1,54,0,0,58
476,Enes Ünal,tr  TUR,FW,Valladolid,21,1997,23.9,379,526,72.1,5404,1138,238,299,79.6,104,153,68.0,24,40,60.0,3,1.0,+2.0,16,35,7,1,39
477,Tomáš Vaclík,cz  CZE,GK,Sevilla,29,1989,33.0,599,996,60.1,20709,14135,70,73,95.9,237,241,98.3,286,673,42.5,0,0.0,0.0,0,7,0,0,2
478,Valery,es  ESP,"DF,MF",Girona,18,1999,9.9,328,414,79.2,5457,1814,155,173,89.6,146,175,83.4,22,52,42.3,1,0.8,+0.2,4,13,6,5,22
479,Jesús Vallejo,es  ESP,"DF,MF",Real Madrid,21,1997,3.5,131,149,87.9,2954,985,34,37,91.9,68,71,95.8,28,40,70.0,0,0.0,0.0,0,0,0,0,5
480,Federico Valverde,uy  URU,MF,Real Madrid,20,1998,7.3,325,367,88.6,5615,1612,172,187,92.0,112,121,92.6,38,51,74.5,0,0.4,-0.4,9,41,7,1,31
481,Raphaël Varane,fr  FRA,DF,Real Madrid,25,1993,30.6,1522,1696,89.7,33747,9633,398,428,93.0,802,853,94.0,312,389,80.2,0,0.2,-0.2,3,83,2,0,57
482,Franco Vázquez,ar  ARG,"MF,FW",Sevilla,29,1989,25.3,872,1129,77.2,15302,4192,425,502,84.7,341,426,80.0,97,150,64.7,4,4.2,-0.2,29,91,32,7,124
483,Kevin Vázquez,es  ESP,DF,Celta Vigo,25,1993,2.4,86,112,76.8,1422,480,40,48,83.3,38,46,82.6,6,13,46.2,0,0.0,0.0,1,1,3,0,5
484,Lucas Vázquez,es  ESP,FW,Real Madrid,27,1991,16.8,787,972,81.0,11845,3318,504,549,91.8,201,250,80.4,67,120,55.8,3,4.0,-1.0,30,46,37,10,81
485,Koke Vegas,es  ESP,GK,Levante,22,1995,1.0,18,22,81.8,479,274,5,5,100.0,7,7,100.0,6,10,60.0,0,0.0,0.0,0,0,0,0,0
486,Emiliano Velázquez,uy  URU,DF,Rayo Vallecano,24,1994,14.2,394,542,72.7,8709,4171,119,139,85.6,199,244,81.6,75,144,52.1,2,0.9,+1.1,8,31,5,2,32
487,Daniele Verde,it  ITA,"FW,MF",Valladolid,22,1996,7.3,211,312,67.6,3509,1200,114,131,87.0,69,99,69.7,25,67,37.3,0,1.3,-1.3,12,15,12,3,22
488,Thomas Vermaelen,be  BEL,DF,Barcelona,32,1985,6.5,367,388,94.6,7274,2026,113,118,95.8,216,225,96.0,37,42,88.1,0,0.0,0.0,0,32,0,0,18
489,Mikel Vesga,es  ESP,MF,Leganés,25,1993,23.0,639,816,78.3,11151,2625,308,356,86.5,244,299,81.6,67,117,57.3,1,1.1,-0.1,15,61,16,9,52
490,Aleix Vidal,es  ESP,"DF,MF",Sevilla,28,1989,5.9,239,321,74.5,4693,1789,93,113,82.3,108,138,78.3,33,57,57.9,0,1.1,-1.1,14,22,11,3,40
491,Arturo Vidal,cl  CHI,MF,Barcelona,31,1987,21.4,1356,1503,90.2,22672,4574,669,710,94.2,548,593,92.4,112,152,73.7,7,5.0,+2.0,22,97,23,0,79
492,Carlos Vigaray,es  ESP,DF,Alavés,23,1994,7.2,172,229,75.1,3249,1731,77,85,90.6,70,90,77.8,23,45,51.1,0,0.3,-0.3,5,13,8,4,16
493,Dídac Vilà,es  ESP,DF,Espanyol,29,1989,26.2,1042,1438,72.5,19467,7269,432,522,82.8,475,606,78.4,118,253,46.6,2,2.9,-0.9,17,79,26,10,112
494,Toni Villa,es  ESP,"MF,FW",Valladolid,23,1995,19.6,438,601,72.9,7429,1786,220,265,83.0,163,216,75.5,46,82,56.1,2,2.1,-0.1,24,39,18,4,51
495,Vitolo,es  ESP,"MF,FW",Atlético Madrid,28,1989,8.4,259,331,78.2,3587,1016,180,211,85.3,56,76,73.7,16,25,64.0,1,1.1,-0.1,6,17,14,1,32
496,Nikola Vukčević,me  MNE,MF,Levante,26,1991,7.4,206,251,82.1,3537,1097,99,114,86.8,83,103,80.6,20,29,69.0,0,0.2,-0.2,1,15,1,0,23
497,Moussa Wagué,sn  SEN,DF,Barcelona,19,1998,2.5,125,148,84.5,1832,444,77,84,91.7,44,52,84.6,4,8,50.0,0,0.4,-0.4,5,8,3,1,8
498,Wakaso,gh  GHA,MF,Alavés,28,1990,18.5,506,669,75.6,10871,3081,178,209,85.2,212,264,80.3,107,177,60.5,1,0.5,+0.5,8,70,14,4,68
499,Daniel Wass,dk  DEN,"DF,MF",Valencia,29,1989,26.2,1056,1364,77.4,18361,6967,488,548,89.1,462,561,82.4,92,201,45.8,3,4.1,-1.1,33,83,26,10,108
500,Axel Werner,ar  ARG,GK,Huesca,22,1996,6.0,76,159,47.8,3127,2369,4,4,100.0,26,28,92.9,46,127,36.2,0,0.0,0.0,0,0,0,0,0
501,Iñaki Williams,es  ESP,FW,Athletic Club,24,1994,33.6,515,730,70.5,6985,1154,340,428,79.4,135,194,69.6,20,42,47.6,4,2.7,+1.3,27,19,16,6,29
502,Maximilian Wöber,at  AUT,DF,Sevilla,20,1998,6.0,238,296,80.4,4598,1502,98,112,87.5,107,124,86.3,32,50,64.0,0,0.3,-0.3,4,15,5,2,18
503,Yoel,es  ESP,GK,Valladolid,29,1988,3.0,44,97,45.4,2035,1666,6,6,100.0,9,10,90.0,29,80,36.3,0,0.0,0.0,0,3,0,0,0
504,Okay Yokuşlu,tr  TUR,MF,Celta Vigo,24,1994,24.4,1199,1382,86.8,22208,6604,516,579,89.1,511,568,90.0,152,193,78.8,0,0.5,-0.5,11,100,7,1,88
505,Joseba Zaldúa,es  ESP,DF,Real Sociedad,26,1992,23.8,957,1234,77.6,16777,6994,463,527,87.9,396,494,80.2,90,174,51.7,2,2.6,-0.6,16,67,30,17,74
506,Nabil El Zhar,ma  MAR,"MF,FW",Leganés,31,1986,10.7,216,301,71.8,3740,1104,112,137,81.8,76,103,73.8,23,48,47.9,0,0.6,-0.6,15,20,17,7,27
507,Luca Zidane,fr  FRA,GK,Real Madrid,20,1998,1.0,34,40,85.0,908,447,4,4,100.0,21,21,100.0,9,15,60.0,0,0.0,0.0,0,1,0,0,0
508,Igor Zubeldia,es  ESP,MF,Real Sociedad,21,1997,28.3,1067,1232,86.6,21148,4369,385,430,89.5,506,559,90.5,161,213,75.6,1,0.5,+0.5,6,81,8,2,70
509,Martín Zubimendi,es  ESP,MF,Real Sociedad,19,1999,0.1,2,4,50.0,33,29,1,2,50.0,1,2,50.0,0,0,,0,0.1,-0.1,1,1,0,0,1
510,David Zurutuza,es  ESP,"MF,FW",Real Sociedad,32,1986,13.6,503,621,81.0,8852,2272,235,284,82.7,210,252,83.3,51,62,82.3,0,0.3,-0.3,6,46,5,1,58
