id,player_name,games,time,goals,xG,assists,xA,shots,key_passes,yellow_cards,red_cards,position,team_title,npg,npxG,xGChain,xGBuildup
3423,Kylian Mbappe-Lottin,14,1161,12,10.774915389716625,2,5.5039308704435825,61,26,2,0,F S,Paris Saint Germain,11,9.254725031554699,17.277520768344402,5.4546278566122055
2099,Neymar,14,1088,11,8.591323733329773,9,5.859736647456884,33,38,3,0,F M S,Paris Saint Germain,9,7.0711334347724915,18.743666768074036,10.359559129923582
8997,Terem Igobor Moffi,14,1051,10,7.772945459932089,0,0.3512198179960251,27,7,1,0,F S,Lorient,9,6.252755220979452,7.313115067780018,3.302607499063015
3277,Alexandre Lacazette,15,1302,9,9.714372484013438,3,2.488811882212758,47,25,2,0,F M,Lyon,7,8.194182239472866,10.317739365622401,1.2578134648501873
8636,Jonathan Christian David,15,1338,9,9.263380497694016,3,2.7867232859134674,50,21,3,0,F M,Lille,7,6.983095049858093,13.04722073301673,3.972666772082448
5611,Martin Terrier,14,1219,8,6.124645575881004,3,2.4820308052003384,42,25,0,0,F M,Rennes,8,6.124645575881004,9.67693354934454,2.4943632893264294
9690,Folarin Balogun,15,1082,8,8.363679692149162,1,1.3388289529830217,39,11,1,0,F S,Reims,5,6.083394333720207,8.68230851739645,1.957539550960064
2097,Lionel Messi,13,1145,7,8.351622492074966,10,6.553335431963205,56,34,0,0,F M,Paris Saint Germain,7,8.351622492074966,18.890845738351345,9.076519828289747
5356,Breel Embolo,15,1099,7,6.793780505657196,2,3.451260320842266,24,19,2,0,F S,Monaco,7,6.033685326576233,8.911087922751904,1.093647226691246
7747,Mama Baldé,15,1227,7,5.568107098340988,3,1.337784606963396,43,13,2,1,F M S,Troyes,7,5.568107098340988,7.188855746760964,0.9366512186825275
10832,Loïs Openda,15,967,7,6.901460513472557,0,1.9305980522185564,38,9,1,0,F S,Lens,7,6.901460513472557,9.390276487916708,1.0805891323834658
3210,Wissam Ben Yedder,13,815,6,5.339915754273534,2,1.1863385066390038,22,9,1,0,F S,Monaco,4,3.059695990756154,5.374077245593071,2.1140842884778976
3348,Florian Sotoca,15,1246,6,6.631285145878792,5,4.712934672832489,42,30,3,0,F M S,Lens,5,4.350999752059579,12.71000124886632,5.415827959775925
5769,Habib Diallo,15,1140,6,5.389762714505196,0,1.6865299828350544,24,8,0,0,F S,Strasbourg,5,4.629667595028877,6.53392400033772,1.8780142962932587
6401,Amine Gouiri,13,1042,6,6.4074338786304,1,2.1229720059782267,29,19,1,0,F M,"Nice,Rennes",6,6.4074338786304,9.938017513602972,2.7845296002924442
9182,Sepe Elye Wahi,14,1196,6,5.334723388776183,1,0.4737875238060951,27,7,4,0,F M,Montpellier,6,5.334723388776183,5.943315519019961,0.47873714193701744
498,Alexis Sánchez,12,879,5,4.238769315183163,0,2.944795496761799,23,19,1,0,F S,Marseille,5,3.4786741361021996,8.386885415762663,3.0815413631498814
2442,Kevin Gameiro,15,1070,5,5.386790659278631,0,1.3678233390673995,25,13,0,0,F S,Strasbourg,5,4.626695480197668,6.48089534509927,2.1026523197069764
3530,Andy Delort,12,756,5,4.8753753285855055,0,1.1361425668001175,25,9,0,0,F S,Nice,2,2.5950898714363575,4.022382104769349,0.7372070327401161
3746,Gaetan Laborde,14,991,5,3.148563753813505,0,1.522998509928584,30,16,0,0,F M S,"Nice,Rennes",5,3.148563753813505,4.920983834192157,1.5148156713694334
3799,Wesley Said,12,375,5,2.9820188395678997,0,0.42566527612507343,18,6,1,0,F S,Lens,5,2.9820188395678997,4.9779631942510605,2.472081020474434
7169,Moses Simon,13,1111,5,4.190323248505592,2,3.0530970916152,19,28,1,0,F M,Nantes,4,3.4302280992269516,4.605828806757927,0.5312400572001934
9662,Dango Ouattara,14,1203,5,5.109727593138814,4,3.2604030184447765,38,15,1,1,F M,Lorient,5,5.109727593138814,7.5455184653401375,1.9707785286009312
10536,Tetê,13,885,5,4.30113510414958,2,1.404775470495224,25,7,2,0,F M S,Lyon,5,4.30113510414958,7.328426964581013,1.9657293558120728
3721,Romain Del Castillo,9,514,4,3.6891149021685123,2,1.2632128670811653,15,10,2,0,F M S,Brest,1,1.4088294990360737,3.7495666593313217,1.504221223294735
3749,Jonathan Bamba,15,1262,4,3.007386589422822,3,2.927626058459282,30,24,3,0,F M S,Lille,4,3.007386589422822,9.07347583770752,3.704759946092963
5656,Nicolas Pepe,12,929,4,5.8588378466665745,0,1.2606332786381245,36,15,0,0,F M S,Nice,1,3.5785524137318134,5.282770708203316,1.5871339198201895
5657,Karl Toko Ekambi,15,1029,4,4.502054816111922,1,3.2107156859710813,29,23,1,0,F M S,Lyon,4,4.502054816111922,9.008005861192942,2.9412307823076844
6863,Téji Savanier,12,1036,4,2.251813428476453,1,2.4368044920265675,25,24,2,1,M,Montpellier,2,0.7316888123750687,3.132830271497369,2.0719230864197016
9068,Komnen Andric,15,1034,4,3.9549258798360825,1,0.3144525773823261,23,8,3,0,F S,Clermont Foot,3,2.4347356408834457,2.0314404517412186,0.9541880460456014
10831,Mostafa Mohamed,15,836,4,3.1324280044063926,2,1.503911130130291,21,11,0,0,F S,Nantes,4,3.1324280044063926,4.76329112239182,0.4054739363491535
10920,Junya Ito,12,923,4,2.707050070166588,1,3.614209622144699,15,22,0,1,F M S,Reims,4,2.707050070166588,6.6787382662296295,2.110425328835845
1144,Seko Fofana,13,1116,3,4.0669438960030675,2,1.1793580371886492,30,15,0,0,M S,Lens,2,2.546753597445786,6.053338453173637,3.055169302970171
1734,Sofiane Boufal,11,728,3,3.165047889575362,3,3.424544159322977,22,25,1,1,F M S,Angers,1,1.6448575537651777,5.705521121621132,2.184768360108137
2897,Aleksandr Golovin,14,975,3,1.775952285155654,3,1.916003605350852,26,23,1,0,F M S,Monaco,3,1.775952285155654,6.583387048915029,3.612463431432843
3390,Rémy Cabella,9,733,3,2.1082130782306194,5,2.8821885362267494,11,29,0,0,M S,Lille,3,2.1082130782306194,6.209666550159454,3.00690795481205
3795,Adrien Hunou,14,1110,3,4.7316050082445145,1,1.5822447203099728,21,9,1,0,F M,Angers,3,4.7316050082445145,5.614733230322599,1.221848126500845
5197,Achraf Hakimi,14,1075,3,1.7551057618111372,1,2.8479213193058968,8,18,3,0,D M S,Paris Saint Germain,3,1.7551057618111372,12.210040517151356,9.048859275877476
5684,Arnaud Nordin,13,823,3,1.9345696177333593,1,0.756401639431715,16,3,2,0,F M S,Montpellier,3,1.9345696177333593,3.067733710631728,0.8069225680083036
6238,Ignatius Ganago,14,553,3,1.6101938597857952,2,1.0683920811861753,10,3,0,0,F M S,"Lens,Nantes",3,1.6101938597857952,2.5117181167006493,0.20131610333919525
6454,Mohamed Youcef Belaïli,11,686,3,4.060549343004823,4,2.5081363413482904,22,17,3,0,F M S,"Ajaccio,Brest",0,1.0201688650995493,3.4061350375413895,1.4031815472990274
8056,Arnaud Kalimuendo Muinga,10,624,3,1.751104611903429,1,0.8389367163181305,12,3,0,0,F S,Rennes,3,1.751104611903429,3.5379095003008842,1.5385719947516918
8657,Jeremy Le Douaron,11,513,3,4.144737400114536,0,0.058946866542100906,19,1,1,0,F M S,Brest,3,4.144737400114536,3.855529649183154,0.19897068291902542
8978,Luis Suárez,7,284,3,3.8630530908703804,1,0.20573558658361435,16,3,1,0,F S,Marseille,3,3.8630530908703804,4.023406129330397,0.34302742034196854
9621,Florian Tardieu,11,886,3,2.6668753903359175,0,0.5681167771108449,11,16,2,0,M S,Troyes,0,0.38659000396728516,4.276934778317809,3.925703411921859
9691,Nuno Tavares,14,1105,3,1.9507604213431478,0,1.7542679850012064,28,10,4,0,D S,Marseille,3,1.9507604213431478,5.747709818184376,3.8768819868564606
10707,Mounaim El Idrissy,14,1073,3,2.7196191772818565,0,0.3432081239297986,26,5,4,0,F S,Ajaccio,3,2.7196191772818565,3.4096864759922028,0.7263867789879441
10783,Muhammed-Cham Saracevic,15,876,3,1.5399451684206724,2,0.8291558027267456,18,16,0,0,M S,Clermont Foot,3,1.5399451684206724,3.761738959699869,1.9735745880752802
10793,Rafael Ratão,11,730,3,2.923001199029386,0,0.600963780656457,10,12,1,0,F M S,Toulouse,3,2.923001199029386,5.1832290552556515,2.5705661680549383
10794,Thijs Dallinga,14,924,3,4.534256936982274,1,0.9110012026503682,18,11,3,0,F S,Toulouse,3,4.534256936982274,5.57109706196934,1.574208803474903
10796,Zakaria Aboukhlal,15,1187,3,4.122017212212086,3,1.5514459908008575,36,7,2,0,D F M S,Toulouse,3,4.122017212212086,6.850275054574013,1.557381097227335
10798,Brecht Dejaegere,12,787,3,1.246934350579977,0,0.5104760471731424,10,5,2,0,M S,Toulouse,3,1.246934350579977,2.662712439894676,2.034514395520091
10822,Wilson Odobert,15,687,3,1.6007282650098205,2,1.0922176586464047,13,12,0,0,M S,Troyes,3,1.6007282650098205,4.940959194675088,2.43740320391953
10827,Amine Salama,13,520,3,2.3436369597911835,1,0.9421632587909698,16,4,0,0,F S,Angers,3,2.3436369597911835,3.5815905928611755,0.401493601500988
83,Kevin Volland,6,277,2,0.9730464294552803,1,0.33783870562911034,10,5,0,0,F M S,Monaco,2,0.9730464294552803,1.5622945725917816,0.5222958661615849
734,Wahbi Khazri,11,723,2,2.0766987269744277,1,0.26900955475866795,18,6,2,0,F M S,Montpellier,2,2.0766987269744277,3.048407606780529,0.9300807816907763
914,Nabil Bentaleb,12,1076,2,0.4413197170943022,1,1.0363753950223327,13,13,0,0,M,Angers,2,0.4413197170943022,3.880116630345583,3.5340026281774044
1126,M&#039;Baye Niang,10,570,2,1.760691326111555,0,0,13,0,1,2,F S,Auxerre,1,1.0005962066352367,1.2761486284434795,0.313486747443676
1258,Gerson,10,418,2,1.1161886379122734,0,0.6124847736209631,9,4,1,0,M S,Marseille,2,1.1161886379122734,2.1948132049292326,0.6252852380275726
2478,Carlos Soler,7,287,2,0.9971193671226501,1,0.7807048186659813,3,4,0,0,M S,Paris Saint Germain,2,0.9971193671226501,3.5199203565716743,1.7420962303876877
3285,Gaetan Perrin,15,419,2,0.6747093703597784,1,0.3074150085449219,8,4,1,0,M S,Auxerre,2,0.6747093703597784,1.3060310129076242,0.3239066395908594
3309,Valère Germain,13,262,2,0.7163802050054073,0,0.15693089552223682,9,3,0,1,M S,Montpellier,2,0.7163802050054073,1.552546825259924,0.7844160981476307
3314,Franck Honorat,15,1169,2,1.8206962049007416,1,3.6506791580468416,20,34,1,0,F M S,Brest,2,1.8206962049007416,6.683202532120049,1.9722409406676888
3362,Rony Lopes,11,652,2,1.8186427876353264,4,1.719648726284504,23,18,2,0,F M S,Troyes,2,1.8186427876353264,3.605991942808032,1.0981371849775314
3475,Ludovic Blas,15,1146,2,4.058119943365455,1,1.559400417841971,45,16,2,0,F M S,Nantes,1,2.537995232269168,5.6706253588199615,2.3461750764399767
3561,Romain Hamouma,10,612,2,1.3112730532884598,1,0.8337500281631947,10,10,1,2,F S,Ajaccio,2,1.3112730532884598,2.292497177608311,0.708411811850965
3663,Grejohn Kyei,14,593,2,3.1018143594264984,1,0.9019393045455217,14,3,2,0,F S,Clermont Foot,2,2.3417191803455353,3.7611089069396257,1.2501454781740904
4773,Benjamin Bourigeaud,15,1216,2,2.5358418971300125,4,4.350637059658766,22,42,0,0,F M,Rennes,1,1.77574672549963,8.118907418102026,4.412794191390276
4828,Mathias Autret,13,885,2,1.4153616484254599,2,0.9497249163687229,17,14,0,0,M S,Auxerre,1,0.6552665289491415,2.0541276317089796,1.2928009759634733
5228,Renato Sanches,10,308,2,0.8216213565319777,0,0.7030967380851507,6,4,0,0,M S,Paris Saint Germain,2,0.8216213565319777,3.9649729430675507,3.2097309827804565
5619,Pierre Lees-Melou,12,990,2,0.85459487978369,0,0.5910496525466442,15,4,3,1,M,Brest,2,0.85459487978369,2.787253350019455,1.9436843022704124
5623,Lois Diony,8,434,2,2.0672722160816193,0,0.20483117923140526,10,5,1,0,F S,Angers,2,2.0672722160816193,2.826029397547245,1.0642199739813805
5737,Saif-Eddine Khaoui,14,729,2,2.65522637963295,2,1.387900348752737,16,15,1,0,M S,Clermont Foot,2,2.65522637963295,4.106142384931445,0.4875698834657669
5800,Lebo Mothiba,7,129,2,1.0088405907154083,0,0,4,0,0,0,S,Strasbourg,2,1.0088405907154083,1.0088405907154083,0
5977,Joia Nuno Da Costa,12,809,2,1.0673606991767883,0,1.0407691095024347,13,10,1,1,F M S,Auxerre,2,1.0673606991767883,1.5403875783085823,0.3060568757355213
6007,Nicolas Cozza,15,1232,2,1.8314910605549812,1,0.7368973381817341,7,7,3,0,D S,Montpellier,2,1.8314910605549812,2.180721645243466,1.4363509844988585
6073,Guillermo Maripán,10,766,2,0.8064744248986244,0,0.04719456657767296,4,1,0,1,D S,Monaco,2,0.8064744248986244,2.071366684511304,2.0241721142083406
6773,Samuel Gigot,10,736,2,1.5972134619951248,0,0.015095314010977745,5,1,2,2,D S,Marseille,2,1.5972134619951248,1.4410630092024803,1.4259676858782768
6864,Renaud Ripart,14,757,2,2.7251120088621974,1,0.9959276169538498,29,14,2,0,F M S,Troyes,2,2.7251120088621974,4.557379622012377,1.5822071116417646
7142,Moussa Dembele,12,569,2,1.6930737867951393,0,0.06341869384050369,19,1,1,0,F S,Lyon,2,1.6930737867951393,2.2843984439969063,0.9408857170492411
7240,Benoit Badiashile Mukinayi,11,832,2,0.5582833401858807,0,0.5455015897750854,5,1,3,0,D S,Monaco,2,0.5582833401858807,1.4754982255399227,1.4403273835778236
7754,Tiago Djaló,14,1114,2,1.3473755018785596,0,0.02424214780330658,10,1,5,0,D S,Lille,2,1.3473755018785596,2.7167381392791867,2.6643650867044926
7908,Marshall Munetsi,12,903,2,1.8367821611464024,0,1.2585912831127644,21,9,4,0,M S,Reims,2,1.8367821611464024,3.6639985125511885,1.8296469151973724
8651,Enzo Le Fée,15,1339,2,1.4055013349279761,3,4.564570598304272,20,38,1,0,F M,Lorient,2,1.4055013349279761,7.958069164305925,4.606033522635698
10381,Ibrahima Koné,14,287,2,1.1382415313273668,0,0.054555200971663,3,2,2,0,F S,Lorient,1,0.37814641185104847,0.6984783615916967,0.265776751562953
10431,Désiré Doué,11,383,2,0.6960892491042614,0,0.5597282592207193,11,6,3,0,M S,Rennes,2,0.6960892491042614,2.3453259970992804,1.6351067256182432
10791,Stijn Spierings,15,1350,2,1.183288173750043,0,0.4839348588138819,14,11,1,0,M,Toulouse,2,1.183288173750043,6.11177830863744,5.407780255191028
10792,Farès Chaïbi,13,839,2,1.8500164672732353,4,3.183275319635868,20,14,1,0,F M S,Toulouse,2,1.8500164672732353,4.440773567184806,1.3016370926052332
10811,Ismaily,12,967,2,1.1955641144886613,1,1.3316237963736057,10,11,0,0,D S,Lille,2,1.1955641144886613,4.388172661885619,3.0575043130666018
10821,Jackson Porozo,11,960,2,1.4324702266603708,0,0.03521578013896942,17,1,2,0,D,Troyes,2,1.4324702266603708,2.1135581582784653,1.2449883185327053
10826,Miha Blazic,10,860,2,1.2518588602542877,0,0,4,0,0,0,D,Angers,2,1.2518588602542877,3.12276953086257,3.0757696107029915
342,Sead Kolasinac,11,488,1,0.5840665493160486,1,0.6057321429252625,2,1,1,0,D S,Marseille,1,0.5840665493160486,1.2782102078199387,1.2782102078199387
414,Juan Bernat,11,594,1,0.9820365309715271,0,0.403635885566473,3,6,1,0,D M S,Paris Saint Germain,1,0.9820365309715271,6.550641126930714,5.182093799114227
485,Mamadou Sakho,7,407,1,0.5425895191729069,0,0,2,0,1,0,D S,Montpellier,1,0.5425895191729069,1.1515528559684753,1.1515528559684753
504,Aaron Ramsey,12,561,1,1.9159261677414179,0,0.3817414231598377,9,9,0,0,M S,Nice,1,1.9159261677414179,3.4427223782986403,1.6780036482959986
536,Dimitri Payet,12,455,1,1.4493281953036785,3,2.696237288415432,14,21,0,0,M S,Marseille,0,0.6892330814152956,3.6976639311760664,1.255582707002759
677,Jordan Veretout,15,982,1,0.5510454103350639,2,1.5355816707015038,9,9,1,0,M S,Marseille,1,0.5510454103350639,5.987311631441116,4.881792061030865
772,Moussa Sissoko,9,707,1,1.204197209328413,0,0.3012991398572922,7,6,2,0,M S,Nantes,1,1.204197209328413,1.7005025334656239,0.3995196521282196
834,José Fonte,14,1260,1,0.961951962672174,0,0.2848103493452072,9,3,4,0,D,Lille,1,0.961951962672174,3.200091738253832,3.0721283610910177
849,Chancel Mbemba,15,1309,1,1.3184778038412333,0,0.02229061722755432,10,1,0,0,D,Marseille,1,1.3184778038412333,3.6995790898799896,2.9637832939624786
1682,Islam Slimani,11,855,1,2.792766574770212,1,0.9531016275286674,13,10,4,0,F S,Brest,1,2.032671395689249,4.517624285072088,1.9748982954770327
3223,Benjamin André,14,1223,1,0.661319999024272,1,0.7272503050044179,12,9,4,0,M,Lille,1,0.661319999024272,6.324284337460995,5.666746612638235
3243,Gaëtan Charbonnier,6,249,1,0.7702428996562958,0,0.11433531902730465,8,3,1,0,F S,Auxerre,1,0.7702428996562958,1.4369497988373041,0.6634696219116449
3259,Adam Ounas,10,676,1,1.981335885822773,1,2.500930093228817,19,19,1,0,F M S,Lille,1,1.981335885822773,6.378815308213234,2.7680744100362062
3274,Maxime Gonalons,9,552,1,0.637554069980979,0,0,3,0,3,0,M S,Clermont Foot,1,0.637554069980979,1.1411486752331257,1.1021001636981964
3297,Marquinhos,14,1107,1,1.0988296940922737,0,0.19868315383791924,10,3,1,0,D S,Paris Saint Germain,1,1.0988296940922737,8.583626687526703,8.441164620220661
3322,Alexander Djiku,14,1184,1,1.2876685000956059,1,0.7420575767755508,10,5,2,0,D,Strasbourg,1,1.2876685000956059,2.63908020965755,2.540979883633554
3490,Thomas Mangani,13,497,1,1.7050715032964945,1,1.0178101789206266,8,16,2,0,M S,Ajaccio,0,0.18488126248121262,0.871559995226562,0.746529652737081
3800,Steve Mounie,2,33,1,0.84915691614151,0,0,2,0,0,0,S,Brest,0,0.08906175941228867,0.22708484530448914,0.13802307844161987
5177,Caio Henrique,13,1084,1,0.2582626650109887,5,3.4195626974105835,7,23,2,0,D S,Monaco,1,0.2582626650109887,4.804798437282443,2.5986990071833134
5261,Kevin Danso,15,1350,1,1.6049940949305892,1,0.8365853168070316,9,4,3,0,D,Lens,1,1.6049940949305892,5.290685571730137,5.140348955988884
5598,Angel Gomes,14,1121,1,1.2786586433649063,1,0.7748780325055122,21,13,3,0,M,Lille,1,1.2786586433649063,5.399622540920973,3.9488057047128677
5626,Jeremie Bela,10,574,1,0.4796813204884529,1,0.4615647438913584,7,2,0,0,D M S,Clermont Foot,1,0.4796813204884529,0.6353013981133699,0.47226602770388126
5635,Faitout Maouassa,13,661,1,0.45833028480410576,4,2.092200420796871,11,12,0,0,D M S,Montpellier,1,0.45833028480410576,2.684258476831019,0.34643831849098206
5654,Baptiste Santamaria,7,552,1,0.3230753391981125,0,0.2325459737330675,7,6,2,0,M,Rennes,1,0.3230753391981125,3.3501807153224945,3.1756395995616913
5655,Flavien Tait,15,1055,1,2.0100884437561035,0,0.8988969456404448,17,12,2,0,F M S,Rennes,1,2.0100884437561035,7.590205231681466,5.041894966736436
5727,Gauthier Hein,14,671,1,1.3148965016007423,0,0.6427881196141243,10,11,0,0,M S,Auxerre,1,1.3148965016007423,2.974546901881695,1.2623802088201046
5733,Houssem Aouar,6,360,1,1.1012928113341331,0,0.10859729535877705,6,3,2,0,M,Lyon,1,1.1012928113341331,1.9130862429738045,0.7471239604055882
5759,Matteo Guendouzi,14,1065,1,2.2486932948231697,2,0.8758548200130463,16,10,2,0,F M S,Marseille,1,2.2486932948231697,7.78653584420681,5.83167377114296
5778,Johan Gastien,14,1226,1,0.23698723316192627,2,0.5930251199752092,9,14,4,0,M,Clermont Foot,1,0.23698723316192627,3.8103042878210545,3.5174584668129683
5976,Yoann Salmier,13,1075,1,1.2800184823572636,0,0.056801289319992065,8,2,3,1,D,Troyes,1,1.2800184823572636,2.9592750258743763,2.886083861812949
6061,Quentin Boisgard,5,182,1,0.3499155156314373,0,0.06655922718346119,6,4,1,0,M S,Lorient,1,0.3499155156314373,0.7765643447637558,0.45592502877116203
6377,Joe Rodon,9,810,1,0.4753763675689697,0,0,7,0,2,1,D,Rennes,1,0.4753763675689697,1.5710108317434788,1.5710108317434788
6697,Armand Lauriente,3,270,1,1.8067258596420288,0,1.633571907877922,14,9,0,0,F M,Lorient,1,1.8067258596420288,3.55415278673172,0.8050297498703003
6846,Sofiane Diop,8,523,1,1.1625847984105349,3,0.9072292596101761,13,9,0,0,F M S,"Monaco,Nice",1,1.1625847984105349,3.3321199491620064,1.5814717635512352
6878,Youcef Atal,12,616,1,1.2810893142595887,0,1.5556137543171644,9,10,1,0,D S,Nice,1,1.2810893142595887,4.3987168949097395,2.4364340594038367
6883,Xavier Chavalerin,13,702,1,0.2753699216991663,1,1.232764683663845,9,7,1,0,M S,Troyes,1,0.2753699216991663,2.0363990403711796,1.7256433200091124
6885,Axel Disasi,15,1350,1,1.6796903926879168,3,0.8443699236959219,10,5,2,0,D,Monaco,1,0.919595243409276,4.449863832443953,4.137577909976244
6905,Ludovic Ajorque,10,505,1,1.906212031841278,0,0.5483621507883072,15,6,1,0,F S,Strasbourg,0,1.146116942167282,2.6560632809996605,1.1736466195434332
6945,Youssouf Fofana,14,1166,1,1.0184288620948792,0,0.8043639622628689,16,10,2,1,M,Monaco,1,1.0184288620948792,4.591121332719922,3.563381281681359
7340,Rhys Healey,3,52,1,0.3199392706155777,0,0.3964013457298279,4,2,0,0,S,Toulouse,1,0.3199392706155777,0.7163406014442444,0
7540,Theo Sainte Luce,5,360,1,0.44195376243442297,1,0.2738698571920395,3,5,0,0,D,Montpellier,1,0.44195376243442297,1.1195554584264755,0.5350595824420452
7732,Haris Belkebla,15,1085,1,0.16162656247615814,0,0.6049785912036896,6,7,1,0,D M S,Brest,1,0.16162656247615814,2.7334361877292395,2.469329457730055
7756,Yusuf Yazici,4,205,1,0.5779732391238213,1,0.3698715344071388,5,8,0,0,M S,Lille,1,0.5779732391238213,2.1343860626220703,1.2457004804164171
7762,Jean-Ricner Bellegarde,15,1306,1,1.0370828472077847,3,2.870058089494705,16,26,3,0,D M,Strasbourg,1,1.0370828472077847,5.975269261747599,4.089655829593539
8006,Evann Guessand,14,640,1,1.3867994360625744,2,0.8363783173263073,10,8,1,0,F M S,Nantes,1,1.3867994360625744,4.017989780753851,2.032137293368578
8239,Takumi Minamino,9,332,1,1.1365860421210527,3,1.1669940948486328,7,3,1,0,M S,Monaco,1,1.1365860421210527,1.909930469468236,0.5533745363354683
8652,Stéphane Diarra,14,617,1,1.4423376470804214,0,1.1702141463756561,14,3,1,0,F M S,Lorient,1,1.4423376470804214,3.160861697047949,1.0156215354800224
8664,Facundo Medina,14,1226,1,1.4522962924093008,1,0.4718778394162655,7,6,3,0,D,Lens,1,1.4522962924093008,6.491232477128506,5.825215421617031
8696,Pape Alassane Gueye,9,334,1,0.7314831092953682,0,0.22706864774227142,6,2,1,0,M S,Marseille,1,0.7314831092953682,2.257384790107608,1.471873253583908
8697,Jonathan Clauss,14,1130,1,1.4280586875975132,5,4.513761714100838,19,22,0,0,D,Marseille,1,1.4280586875975132,6.506178837269545,2.0612988024950027
8759,David Pereira Da Costa,15,1003,1,2.2194722332060337,3,3.6308361515402794,19,21,1,0,F M S,Lens,1,2.2194722332060337,9.029667928814888,4.492744008079171
8823,Ante Palaversa,1,9,1,0.44722750782966614,0,0,1,0,0,0,S,Troyes,1,0.44722750782966614,0,0
8959,Cyrille Bayala,14,786,1,0.49125058576464653,0,0.06313131842762232,11,3,3,0,M S,Ajaccio,1,0.49125058576464653,0.9892015075311065,0.6512946300208569
8995,Hugo Ekitike,9,212,1,1.5876134764403105,2,0.8274293467402458,6,5,0,0,F S,Paris Saint Germain,1,1.5876134764403105,2.6416344698518515,0.2828127145767212
9060,Danilo Pereira,11,687,1,1.0086864531040192,0,0.08316393941640854,8,1,1,0,D M S,Paris Saint Germain,1,1.0086864531040192,6.5276597663760185,6.5276597663760185
9279,Krépin Diatta,13,877,1,2.0656947754323483,0,0.5114387860521674,17,9,2,0,F M S,Monaco,1,2.0656947754323483,3.645966094918549,1.5276324627920985
9298,Alexis Flips,11,649,1,1.250495116226375,2,3.123817577958107,15,16,1,1,D M S,Reims,1,1.250495116226375,4.11671363376081,1.7940217163413763
9345,Ahmadou Bamba Dieng,6,126,1,1.2759946696460247,0,0.10402628034353256,9,1,1,0,F S,Marseille,1,1.2759946696460247,0.925629660487175,0
9490,Matthis Abline,10,77,1,1.0815354213118553,0,0.20824529975652695,6,2,0,0,S,Rennes,1,1.0815354213118553,1.2897807210683823,0
9511,Castello Lukeba,14,1260,1,0.2861955426633358,0,0.060916364192962646,3,2,2,0,D,Lyon,1,0.2861955426633358,4.226381175220013,4.16546481102705
9562,Sacha Delaye,3,12,1,0.06026149354875088,0,0,2,0,0,0,S,Montpellier,1,0.06026149354875088,0.06026149354875088,0
9612,Myron Boadu,1,16,1,0.8792563676834106,0,0,1,0,0,0,S,Monaco,1,0.8792563676834106,0.8792563676834106,0
9619,Issa Kabore,7,354,1,0.9356520213186741,0,0.21534380689263344,4,4,0,0,D S,Marseille,1,0.9356520213186741,1.8452513422816992,0.757011478766799
9630,Kamaldeen Sulemana,10,244,1,0.9944846890866756,0,0.8099764343351126,9,5,1,0,F M S,Rennes,1,0.9944846890866756,2.1877814531326294,0.6170728038996458
9632,Deiver Machado,13,1035,1,0.3739117421209812,1,0.8997123558074236,7,7,2,1,D M S,Lens,1,0.3739117421209812,4.441988371312618,3.70223281159997
9639,Akim Zedadka,8,356,1,0.23934774473309517,0,0.22360382974147797,3,5,1,0,D S,Lille,1,0.23934774473309517,0.8424331154674292,0.4949668701738119
9642,Salis Abdul Samed,15,1350,1,0.25559917837381363,0,0.3325711917132139,6,9,2,0,M,Lens,1,0.25559917837381363,6.361794084310532,6.233238771557808
9643,Jodel Dossou,8,244,1,0.6906882002949715,0,0.15994435921311378,6,3,0,0,M S,Clermont Foot,1,0.6906882002949715,1.023613341152668,0.24784501641988754
9645,Jim Allevinah,13,535,1,0.763826766051352,0,0.988528149202466,12,3,1,0,M S,Clermont Foot,1,0.763826766051352,2.2865465357899666,0.7503664046525955
9648,Elbasan Rashani,13,774,1,1.390301425009966,1,1.0864841835573316,12,6,1,0,M S,Clermont Foot,1,1.390301425009966,2.7918266719207168,1.9175984216853976
9855,Mattia Viti,7,606,1,0.18234428763389587,0,0,2,0,0,0,D,Nice,1,0.18234428763389587,1.9100498259067535,1.9100498259067535
9929,Théo Le Bris,14,820,1,0.8439993634819984,0,0.43585726991295815,6,5,0,0,D M S,Lorient,1,0.8439993634819984,2.497386157512665,1.6578737050294876
9931,Lovro Majer,13,558,1,1.3053854573518038,2,1.969747737981379,12,14,2,0,M S,Rennes,0,0.5452903341501951,3.535593658685684,1.6665368489921093
9961,Nuno Mendes,12,756,1,1.151861310005188,4,3.5079173166304827,5,15,1,0,D M S,Paris Saint Germain,1,1.151861310005188,7.472409123554826,4.475395005196333
9999,Arthur Theate,15,1350,1,1.4354804418981075,0,0.3093758448958397,8,4,3,0,D,Rennes,1,1.4354804418981075,5.0248161517083645,4.93884875997901
10100,Kamory Doumbia,14,727,1,2.4663769528269768,1,1.2549100778996944,15,10,0,0,M S,Reims,0,1.7062818370759487,3.8900598250329494,1.063395643606782
10307,Abdu Conté,8,467,1,0.4047500491142273,0,1.0120462775230408,2,7,0,0,D M S,Troyes,1,0.4047500491142273,1.858161237090826,0.6997621059417725
10375,Enzo Tchato Mbiayi,12,676,1,0.2992744669318199,1,1.085005048662424,3,4,0,0,D S,Montpellier,1,0.2992744669318199,2.4092048183083534,2.0428119972348213
10415,Iké Ugbo,13,374,1,0.43583080545067787,1,0.4317806512117386,6,2,0,0,F M S,Troyes,1,0.43583080545067787,0.9922888837754726,0.35322583466768265
10545,Julian Jeanvier,9,729,1,0.8071324154734612,0,0,4,0,1,1,D,Auxerre,1,0.8071324154734612,1.6690125614404678,1.6690125614404678
10701,Nicolás Tagliafico,15,1333,1,1.7608729908242822,2,1.5637997537851334,11,12,2,0,D M,Lyon,1,1.7608729908242822,9.232068726792932,6.17159304022789
10704,Cédric Avinel,9,697,1,1.3939783573150635,0,0,2,0,1,1,D S,Ajaccio,1,1.3939783573150635,0.10105056408792734,0.10105056408792734
10706,Riad Nouri,14,712,1,1.6854942366480827,1,1.2635626457631588,10,14,2,0,M S,Ajaccio,1,0.9253990799188614,1.6349650882184505,0.3363832328468561
10709,Bevic Moussiti-Oko,12,472,1,1.018458940088749,0,0.13103102892637253,12,3,0,0,F S,Ajaccio,1,1.018458940088749,0.6122832335531712,0.132852828130126
10782,Neto Borges,12,997,1,1.105617929250002,0,1.6922634616494179,11,15,0,1,D M,Clermont Foot,1,1.105617929250002,4.107993967831135,2.4370751287788153
10789,Anthony Rouault,15,1348,1,0.8482663184404373,0,0.38182768411934376,7,3,0,0,D,Toulouse,1,0.8482663184404373,4.10692154429853,4.083462228998542
10790,Branco van den Boomen,15,1334,1,1.7625414039939642,4,4.023209746927023,27,45,2,0,M,Toulouse,0,1.002446262165904,5.8937327936291695,3.775209926068783
10810,Alexsandro Ribeiro,6,390,1,0.4161669462919235,0,0,2,0,0,0,D S,Lille,1,0.4161669462919235,0.8434970304369926,0.8434970304369926
10812,Jubal,15,1350,1,0.9646654343232512,1,0.5571667365729809,7,2,2,0,D,Auxerre,1,0.9646654343232512,2.324950996786356,2.278833407908678
10814,Hamza Sakhi,15,1215,1,0.7299076719209552,1,2.300046943128109,21,27,1,0,M S,Auxerre,1,0.7299076719209552,3.7341248616576195,1.8941373694688082
10834,Noah Fadiga,9,658,1,0.4184467876330018,0,0.015187462791800499,7,1,0,0,D,Brest,1,0.4184467876330018,1.8578655123710632,1.4516274742782116
10835,Achraf Dari,10,716,1,0.45557138603180647,0,0.05513196438550949,4,1,1,0,D S,Brest,1,0.45557138603180647,1.7735674306750298,1.7735674306750298
11119,Yoann Cathline,5,235,1,0.46047908812761307,0,0.40974221751093864,11,2,0,0,M S,Lorient,1,0.46047908812761307,0.7090573832392693,0.28740617632865906
148,Dante,14,1260,0,0.746031804010272,0,0.041091563180089,9,2,3,0,D,Nice,0,0.746031804010272,3.033552134409547,2.9787806291133165
220,Jérôme Boateng,4,303,0,0,0,0.08787836134433746,0,1,0,0,D,Lyon,0,0,0.5220430344343185,0.4341646805405617
592,Ross Barkley,8,356,0,1.5038991086184978,0,0.5852503143250942,11,10,1,0,F M S,Nice,0,1.5038991086184978,2.9001492485404015,1.3070574216544628
726,Vito Mannone,2,168,0,0,0,0,0,0,0,0,GK S,Lorient,0,0,0,0
745,Kasper Schmeichel,13,1170,0,0,0,0,0,0,0,0,GK,Nice,0,0,1.3270742129534483,1.3270742129534483
943,Massadio Haidara,14,736,0,0.3209150433540344,0,0.21450942009687424,3,3,3,0,D S,Lens,0,0.3209150433540344,1.4582611322402954,1.222437247633934
1022,Pedro Chirivella,14,1207,0,0.4181247502565384,0,1.1429442651569843,12,12,1,0,M,Nantes,0,0.4181247502565384,3.197624549269676,2.0421197190880775
1056,Jeff Reine-Adelaide,11,297,0,0.4308982901275158,0,0.6495426157489419,9,7,1,0,M S,Lyon,0,0.4308982901275158,3.520068844780326,2.7282459512352943
1116,Gianluigi Donnarumma,15,1350,0,0,0,0,0,0,1,0,GK,Paris Saint Germain,0,0,3.0935518741607666,3.0935518741607666
1248,Leandro Paredes,3,44,0,0,1,0.598113227635622,0,2,0,0,S,Paris Saint Germain,0,0,1.4225959181785583,1.4032962918281555
1299,Mario Lemina,11,734,0,0.16366096213459969,0,0.054443150758743286,5,3,1,1,M S,Nice,0,0.16366096213459969,2.8320500385016203,2.6944148931652308
1583,Arkadiusz Milik,2,134,0,0.46678271889686584,0,0.3199656903743744,1,1,1,0,F,Marseille,0,0.46678271889686584,0.7867484092712402,0
1670,Steve Mandanda,13,1130,0,0,1,0.9789037704467773,0,1,1,0,GK,Rennes,0,0,4.123747589066625,3.1448438186198473
1739,Eric Bailly,4,204,0,0.01925358921289444,0,0,1,0,1,0,D S,Marseille,0,0.01925358921289444,0.40967728197574615,0.40967728197574615
1752,Fabio,6,217,0,0.4029714148491621,0,0.7639940865337849,3,4,1,1,D S,Nantes,0,0.4029714148491621,2.407537966966629,1.907238245010376
1932,Sanjin Prcic,13,789,0,0.5004808204248548,1,0.571461632847786,16,5,1,1,M S,Strasbourg,0,0.5004808204248548,2.972118366509676,2.608610460534692
2107,Pau López,12,1080,0,0,1,0.08952931314706802,0,1,1,0,GK,Marseille,0,0,2.2072752341628075,2.11774592846632
2199,Pablo Sarabia,12,302,0,0.2961988337337971,0,1.0807184465229511,3,9,1,0,F M S,Paris Saint Germain,0,0.2961988337337971,4.116880247369409,3.2263437006622553
2246,Sergio Ramos,13,1011,0,0.5558512005954981,1,0.01661355420947075,5,1,3,1,D S,Paris Saint Germain,0,0.5558512005954981,6.891045268625021,6.84114658460021
2293,Rubén Blanco,3,270,0,0,0,0,0,0,0,0,GK,Marseille,0,0,0.10210837051272392,0.10210837051272392
2306,Cédric Bakambu,3,51,0,0,1,0.9285080619156361,0,2,0,0,S,Marseille,0,0,1.062218327075243,0.13371028006076813
2383,André Gomes,9,534,0,0.30997288040816784,0,0.24134815856814384,7,6,2,0,M S,Lille,0,0.30997288040816784,1.7553980629891157,1.3860127609223127
2412,Adil Rami,7,537,0,0.04919519880786538,0,0.049986109137535095,4,1,1,0,D S,Troyes,0,0.04919519880786538,0.8847819305956364,0.8025889731943607
2447,Fabián,7,451,0,0.6380721256136894,0,0.221696674823761,7,3,0,0,M S,Paris Saint Germain,0,0.6380721256136894,4.64541901089251,3.902592660859227
2549,Gaël Kakuta,2,19,0,0.0784541592001915,0,0,1,0,0,0,S,Lens,0,0.0784541592001915,0.0784541592001915,0
2639,Alexander Nübel,15,1350,0,0,0,0.019683118909597397,0,1,2,0,GK,Monaco,0,0,1.4629415879026055,1.4432584689930081
3201,Alban Lafont,14,1260,0,0,0,0.031771767884492874,0,1,0,1,GK,Nantes,0,0,0.8550196401774883,0.8232478722929955
3218,Benoit Costil,15,1350,0,0,0,0,0,0,0,0,GK,Auxerre,0,0,1.078113740310073,1.078113740310073
3233,Mehdi Zeffane,1,15,0,0,0,0,0,0,1,0,S,Clermont Foot,0,0,0,0
3239,Hamari Traore,14,1184,0,0.42606296017766,1,1.1178059000521898,12,8,4,0,D S,Rennes,0,0.42606296017766,6.205937046557665,5.65936790779233
3251,Paul Bernardoni,7,630,0,0,0,0,0,0,0,0,GK,Angers,0,0,1.3600292801856995,1.3600292801856995
3269,Anthony Lopes,12,1016,0,0,0,0,0,0,0,1,GK,Lyon,0,0,0.9396589649841189,0.9396589649841189
3275,Jordan Ferri,13,1104,0,0.07037950959056616,2,1.4984539709985256,4,10,3,0,M,Montpellier,0,0.07037950959056616,4.637228239327669,3.5113678760826588
3304,Maxime Le Marchand,13,980,0,0.1570758754387498,0,0.3434278964996338,4,2,3,1,D S,Strasbourg,0,0.1570758754387498,1.7700937241315842,1.6875185556709766
3346,Jonas Martin,8,142,0,0,0,0.010644656606018543,0,1,2,0,M S,Lille,0,0,0.9699810855090618,0.9699810855090618
3354,Sébastien Corchia,13,352,0,0.014125719666481018,0,0.07516492158174515,1,2,1,0,D S,Nantes,0,0.014125719666481018,0.8756691869348288,0.8756691869348288
3358,Ibrahim Amadou,6,399,0,0.05644093081355095,0,0.04323246702551842,2,1,2,0,D S,Angers,0,0.05644093081355095,0.2501314952969551,0.19369056075811386
3367,Youssouf Kone,6,474,0,0.011941454373300076,0,0,1,0,3,0,D,Ajaccio,0,0.011941454373300076,1.4156984807923436,1.4037570264190435
3370,Issiaga Sylla,13,1054,0,0.635069752112031,0,0.6953297853469849,6,5,2,0,D S,Toulouse,0,0.635069752112031,4.9489194974303246,3.8269255980849266
3398,Rémy Riou,4,331,0,0,0,0,0,0,0,0,GK S,Lyon,0,0,0.4842333346605301,0.4842333346605301
3414,Maxime Dupé,15,1350,0,0,0,0,0,0,0,0,GK,Toulouse,0,0,2.545530643314123,2.545530643314123
3415,Birama Touré,15,1338,0,0.33951715752482414,0,0.03683188185095787,10,1,1,0,M,Auxerre,0,0.33951715752482414,1.7178771123290062,1.4295909721404314
3456,Jimmy Cabot,11,500,0,0.3653765507042408,1,2.303111696615815,5,17,2,0,D S,Lens,0,0.3653765507042408,3.3715550750494003,1.7743649333715439
3464,Vincent Le Goff,15,1350,0,1.2507452871650457,0,0.1866899374872446,9,4,1,0,D,Lorient,0,1.2507452871650457,5.679383005946875,4.530163433402777
3479,Marcus Coco,9,213,0,0.16741826198995113,0,0.2114029973745346,3,3,0,0,D F M S,Nantes,0,0.16741826198995113,0.8470050804316998,0.5406248290091753
3495,Pierrick Capelle,12,578,0,0.8068388467654586,1,0.3283725194633007,9,3,3,0,D M S,Angers,0,0.8068388467654586,2.075260203331709,1.1426155902445316
3517,Ronael Pierre Gabriel,13,636,0,0.1162966676056385,1,0.8240058645606041,2,4,3,0,D M S,Strasbourg,0,0.1162966676056385,2.4038821682333946,1.8246511854231358
3521,Dennis Appiah,15,807,0,0.13902239315211773,0,0.14302155748009682,5,4,1,0,D S,Nantes,0,0.13902239315211773,0.6524563636630774,0.50648994743824
3540,Alexandre Coeff,7,583,0,0.12301464378833771,1,0.5078482627868652,1,1,0,0,D S,Auxerre,0,0.12301464378833771,1.1767626497894526,1.1767626497894526
3542,Damien Da Silva,5,147,0,0.10383081436157227,0,0,1,0,2,0,D S,Lyon,0,0.10383081436157227,0.687728188931942,0.5838974043726921
3549,Adrien Thomasson,13,757,0,2.6850096862763166,2,2.4972110874950886,16,14,2,0,M S,Strasbourg,0,2.6850096862763166,6.923533469438553,3.817329188808799
3552,Marco Verratti,14,1079,0,0.37240986339747906,0,0.6409328822046518,3,6,5,0,M,Paris Saint Germain,0,0.37240986339747906,12.635054856538773,12.201084703207016
3599,Presnel Kimpembe,8,612,0,0.22079884260892868,0,0.10879015177488327,3,1,3,0,D S,Paris Saint Germain,0,0.22079884260892868,4.451688047498465,4.451688047498465
3603,Corentin Tolisso,10,544,0,0.09258190356194973,0,2.336903316900134,5,14,1,0,M S,Lyon,0,0.09258190356194973,4.760887756943703,3.223049243912101
3660,Ismael Diallo,12,928,0,0.021510671824216843,0,0.18086547404527664,1,5,3,0,D S,Ajaccio,0,0.021510671824216843,0.9172709975391626,0.8018556386232376
3670,Nicolas Pallois,14,1191,0,0.13390792533755302,0,0.021747417747974396,4,1,1,1,D,Nantes,0,0.13390792533755302,1.72707530669868,1.7053278889507055
3673,Valentin Rongier,14,1089,0,0.32962388452142477,0,0.6545608770102262,7,14,4,0,M S,Marseille,0,0.32962388452142477,3.825822291895747,3.0250817574560642
3738,Sehrou Guirassy,1,21,0,0.3400387465953827,0,0.10816121846437454,2,2,0,0,S,Rennes,0,0.3400387465953827,0.44819995760917664,0
4345,Christopher Jullien,10,900,0,0.5090901404619217,0,0.3400243278592825,6,3,1,0,D,Montpellier,0,0.5090901404619217,1.6867484198883176,1.5671294992789626
4709,Benjamin Leroy,14,1178,0,0,0,0,0,0,0,0,GK,Ajaccio,0,0,0.3023113552480936,0.3023113552480936
4748,Brice Samba,15,1350,0,0,0,0,0,0,1,0,GK,Lens,0,0,1.9904896281659603,1.9904896281659603
4770,Yoann Touzghar,6,248,0,0.13284230418503284,0,0,2,0,0,0,F S,Ajaccio,0,0.13284230418503284,0.3142323102802038,0.18139001354575157
4811,Jean Eudes Aholou,12,604,0,0.6164043936878443,0,1.2762379758059978,6,6,2,0,M S,Strasbourg,0,0.6164043936878443,3.2668824857100844,2.4523631036281586
4849,Sada Thioub,14,415,0,0.11844298616051674,1,1.5858666598796844,3,7,2,0,M S,Angers,0,0.11844298616051674,2.148203417658806,1.1945410575717688
4882,Laurent Abergel,10,811,0,0.18169336020946503,1,0.5730185657739639,4,7,2,0,M,Lorient,0,0.18169336020946503,3.9556860998272896,3.3933056369423866
4886,Cédric Hountondji,15,1339,0,0.6887614466249943,0,0.056638178415596485,6,2,2,0,D,Angers,0,0.6887614466249943,3.663132794201374,3.5916477739810944
4896,Andrew Gravillon,12,1043,0,0.7340347357094288,0,0.18408139795064926,7,2,3,0,D,Reims,0,0.7340347357094288,2.0396382994949818,1.829267481341958
5083,Marlos Moreno,1,1,0,0,0,0,0,0,0,0,S,Troyes,0,0,0,0
5624,Yunis Abdelhamid,15,1350,0,1.5617659389972687,0,0.21428323723375797,16,4,1,0,D,Reims,0,1.5617659389972687,4.093251068145037,3.875930290669203
5647,Arnaud Souquet,10,320,0,0.07713602483272552,0,0.5357119608670473,1,3,1,0,D S,Montpellier,0,0.07713602483272552,1.1425923760980368,0.5297443866729736
5648,Malang Sarr,6,245,0,0,0,0,0,0,1,0,D S,Monaco,0,0,1.0536531656980515,1.0536531656980515
5659,Nordi Mukiele,13,665,0,0.4041311480104923,1,0.1355348899960518,7,2,0,0,D S,Paris Saint Germain,0,0.4041311480104923,5.1891526728868484,5.000314868986607
5696,Vincent Marchetti,15,1216,0,1.075368539430201,1,0.5626377295702696,20,8,2,0,M S,Ajaccio,0,1.075368539430201,2.3306872062385082,1.518394809216261
5704,Xeka,6,438,0,0.04298456013202667,0,0,2,0,1,0,M S,Rennes,0,0.04298456013202667,1.4785707369446754,1.448945365846157
5717,Amine Harit,10,527,0,0.5521913692355156,0,1.3475318923592567,6,15,1,0,F M S,Marseille,0,0.5521913692355156,4.152980864048004,2.90347271412611
5724,Irvin Cardona,10,212,0,0.17930479533970356,0,0.17590391635894775,4,3,0,0,F S,Brest,0,0.17930479533970356,0.2358060274273157,0.007677983492612839
5732,Abdoulaye Bamba,7,363,0,0,0,0.19841870665550232,0,3,2,0,D S,Angers,0,0,1.0707163959741592,0.8722976893186569
5742,Hugo Magnetti,12,574,0,0.07687546126544476,0,0.13703269511461258,5,4,0,0,M S,Brest,0,0.07687546126544476,1.8139591943472624,1.7259445413947105
5752,Alexis Claude Maurice,11,271,0,0.34910369478166103,2,0.8452295968309045,7,6,0,0,M S,"Lens,Nice",0,0.34910369478166103,1.8007721761241555,0.8160479515790939
5768,Remy Descamps,1,90,0,0,0,0,0,0,0,0,GK,Nantes,0,0,0,0
5784,Quentin Bernard,7,630,0,0,1,0.6381932068616152,0,7,0,0,D,Auxerre,0,0,1.1470400094985962,0.9566312730312347
5974,Bingourou Kamara,5,408,0,0,0,0,0,0,1,0,GK S,Montpellier,0,0,0.019804641604423523,0.019804641604423523
5978,Dmitri Lienard,13,749,0,0.5201593302190304,0,0.7028752937912941,10,13,2,0,D M S,Strasbourg,0,0.5201593302190304,2.7324436381459236,2.0692727845162153
5998,Christophe Herelle,5,343,0,0,0,0.13802307844161987,0,1,1,0,D S,Brest,0,0,0.2750459862872958,0.2750459862872958
6000,Tristan Dingome,7,65,0,0.1420605331659317,0,0.20777683146297932,3,4,0,0,S,Troyes,0,0.1420605331659317,1.0489751026034355,0.7968332916498184
6006,Ruben Aguilar,7,323,0,0,0,0,0,0,1,0,D S,Monaco,0,0,0.7534275893121958,0.7534275893121958
6011,Thiago Mendes,14,1178,0,0.0985694732517004,1,0.18326636962592602,4,3,2,0,D M,Lyon,0,0.0985694732517004,5.059643652290106,4.865151982754469
6014,Rominigue Kouame,14,1240,0,0.6074503073468804,1,0.8005598234012723,14,11,3,0,M,Troyes,0,0.6074503073468804,4.43326773494482,3.3396470062434673
6018,Samuel Moutoussamy,13,835,0,0.9100709296762943,1,0.13026303425431252,14,6,4,0,M S,Nantes,0,0.9100709296762943,2.2672405783087015,1.3740868158638477
6110,Yvon Mvogo,14,1182,0,0,0,0,0,0,0,0,GK,Lorient,0,0,3.0355769507586956,3.0355769507586956
6112,Andrei Girotto,14,1250,0,0.5045729447156191,1,1.1188598964363337,9,6,3,0,D M,Nantes,0,0.5045729447156191,1.436640229076147,1.2688124105334282
6162,Cengiz Ünder,14,542,0,2.608821487054229,1,0.9604539861902595,16,11,0,0,M S,Marseille,0,2.608821487054229,4.4093872318044305,1.3242961131036282
6293,Gerzino Nyamsi,8,657,0,0.34666579961776733,0,0,3,0,2,1,D,Strasbourg,0,0.34666579961776733,1.3239611759781837,1.1945145428180695
6420,Romain Faivre,8,249,0,0.08863217942416668,1,0.3536326214671135,4,5,0,0,M S,Lyon,0,0.08863217942416668,1.6665808856487274,1.5897974520921707
6452,Mahdi Camara,10,595,0,0.3481492791324854,0,0.06858273409307003,6,3,0,0,M S,Brest,0,0.3481492791324854,2.9731654413044453,2.63736938778311
6466,Jean-Claude Billong,1,20,0,0,0,0,0,0,0,0,S,Clermont Foot,0,0,0,0
6489,Steven Fortes,1,5,0,0,0,0,0,0,0,0,S,Lens,0,0,0,0
6601,Timothy Weah,6,309,0,1.3185338117182255,2,0.908106129616499,5,4,0,0,D M S,Lille,0,1.3185338117182255,2.40008232742548,0.628771461546421
6709,Yehvann Diouf,8,720,0,0,0,0.0501408576965332,0,1,2,0,GK,Reims,0,0,1.1772536002099514,1.1271127425134182
6816,Jean-Clair Todibo,12,1072,0,0.07763180136680603,0,0.07405884563922882,2,1,2,1,D,Nice,0,0.07763180136680603,3.5540668964385986,3.5050846338272095
6834,Joe Bryan,5,168,0,0.04286744445562363,0,0.06128483638167381,1,1,2,0,D S,Nice,0,0.04286744445562363,0.7046709731221199,0.6618035286664963
6869,Antonin Bobichon,3,11,0,0.06123343110084534,0,0.06031878665089607,1,1,0,0,S,Angers,0,0.06123343110084534,0.06031878665089607,0.06031878665089607
6903,Matz Sels,15,1350,0,0,0,0,0,0,1,0,GK,Strasbourg,0,0,0.8615491893142462,0.8615491893142462
6904,Ibrahima Sissoko,5,223,0,0.2018357254564762,0,0.04883592948317528,4,2,0,0,M S,Strasbourg,0,0.2018357254564762,0.6492056455463171,0.5610632030293345
6907,Colin Dagba,9,470,0,0.09629418700933456,0,0.2614761861041188,2,8,1,0,D S,Strasbourg,0,0.09629418700933456,1.1067892191931605,0.8361292853951454
7007,Duje Caleta-Car,1,6,0,0,0,0,0,0,0,0,S,Marseille,0,0,0,0
7012,Gelson Martins,4,102,0,0.30395083129405975,0,0.11551017314195633,5,2,0,0,M S,Monaco,0,0.30395083129405975,0.5694773830473423,0.15001637861132622
7064,Farid El Melali,5,181,0,0.1015535444021225,0,0.05684732832014561,2,2,0,0,D S,Angers,0,0.1015535444021225,0.18561001494526863,0.0997249037027359
7151,Thomas Foket,1,10,0,0,0,0,0,0,0,0,S,Reims,0,0,0,0
7176,Mickaël Alphonse,12,641,0,0.17554012965410948,0,0.2827522084116936,5,5,1,0,D S,Ajaccio,0,0.17554012965410948,0.3147718319669366,0.21677605900913477
7206,Jonathan Gradit,10,802,0,0,2,0.4725436791777611,0,4,2,0,D,Lens,0,0,4.282063111662865,3.8732011169195175
7265,Kephren Thuram,15,919,0,0.1967138834297657,2,1.9316840395331383,6,13,1,0,M S,Nice,0,0.1967138834297657,3.7375379260629416,2.0785917919129133
7268,Bafode Diakite,14,1117,0,0.4514182601124048,0,0.5264962315559387,8,3,4,0,D S,Lille,0,0.4514182601124048,4.521082788705826,4.02125771343708
7280,Yan Valery,9,682,0,0.21678112354129553,0,0.1437126137316227,4,2,1,0,D M,Angers,0,0.21678112354129553,1.1514005735516548,0.8907119780778885
7293,Matis Carvalho,2,134,0,0,0,0,0,0,0,0,GK S,Montpellier,0,0,0.05658787861466408,0.05658787861466408
7328,Maxence Caqueret,14,976,0,0.45443818904459476,1,1.4388707000762224,9,14,1,0,M S,Lyon,0,0.45443818904459476,5.775715500116348,5.102223891764879
7358,Souleyman Doumbia,13,1089,0,0.5197100415825844,0,0.6479515880346298,4,7,2,0,D M,Angers,0,0.5197100415825844,4.926145685836673,4.063658455386758
7365,Lucas Paquetá,2,169,0,0.4521484076976776,0,0.18938398268073797,5,3,0,0,M,Lyon,0,0.4521484076976776,1.0590142458677292,0.46129579842090607
7397,Arbër Zeneli,11,692,0,1.3726525641977787,2,1.9651776254177094,17,17,0,0,F M S,Reims,0,1.3726525641977787,3.7238166667521,1.4375146552920341
7484,Stephy Mavididi,6,342,0,0.33595106936991215,0,0.10124322772026062,8,1,0,1,F M S,Montpellier,0,0.33595106936991215,0.7790672890841961,0.341872988268733
7486,Leonardo Balerdi,15,1199,0,0.019666224718093872,1,0.04205387830734253,1,1,2,0,D S,Marseille,0,0.019666224718093872,3.3808587305247784,3.3388048224151134
7612,Nathan N&#039;Goumou Minpol,1,90,0,0,0,0.9159470200538635,0,1,0,0,M,Toulouse,0,0,0.9768823385238647,0.06093530356884003
7613,Moussa Diarra,11,541,0,0.5709862112998962,0,0.06247531250119209,1,1,0,0,D S,Toulouse,0,0.5709862112998962,0.8268372118473053,0.7643619012087584
7614,Lucas Perrin,9,544,0,0.5380374789237976,0,0.10154346190392971,1,2,0,0,D S,Strasbourg,0,0.5380374789237976,0.5415343847125769,0.4552775826305151
7687,Jean Lucas,6,284,0,1.2664040327072144,0,0.07709010224789381,5,3,0,0,M S,Monaco,0,1.2664040327072144,1.0411686906591058,0.2359924465417862
7719,Nathanael Mbuku,6,45,0,0.07020762003958225,0,0,2,0,0,0,S,Reims,0,0.07020762003958225,0.18481209315359592,0.11460447311401367
7730,Jean-Charles Castelletto,13,926,0,0.12597481813281775,0,0.024091752246022224,4,1,1,0,D S,Nantes,0,0.12597481813281775,1.375498205423355,1.3249839469790459
7731,Denys Bain,2,125,0,0,0,0,0,0,0,0,D S,Auxerre,0,0,0.045112017542123795,0.045112017542123795
7736,Brendan Chardonnet,14,1212,0,0.2187678012996912,0,0.13769153133034706,5,6,4,0,D S,Brest,0,0.2187678012996912,3.120982240885496,3.0209693871438503
7739,Joris Chotard,13,970,0,0.073974734172225,1,0.9798086080700159,4,11,3,0,M S,Montpellier,0,0.073974734172225,2.8591958470642567,1.946079595014453
7743,Pereira Lage,15,967,0,0.6686169626191258,1,1.3454236537218094,16,10,1,0,F M S,Brest,0,0.6686169626191258,2.2979959044605494,0.6964745298027992
7757,Léo Jardim,6,540,0,0,0,0,0,0,0,0,GK,Lille,0,0,0.5115407034754753,0.5115407034754753
7760,Abdoul Kader Bamba,4,77,0,0.09232482314109802,0,0.019683856517076492,1,1,0,0,M S,Nantes,0,0.09232482314109802,0.2057039812207222,0.11337915807962418
7763,Fabien Centonze,3,171,0,0.036687761545181274,0,0.013517575338482857,2,1,0,0,D S,Nantes,0,0.036687761545181274,0.22732197120785713,0.17711662873625755
7765,Thomas Delaine,12,720,0,0.06626248545944691,1,1.084299790672958,3,5,2,0,D S,Strasbourg,0,0.06626248545944691,3.251878324896097,2.190055559389293
7772,Marcin Bulka,2,180,0,0,0,0,0,0,0,0,GK,Nice,0,0,0.0933147044852376,0.0933147044852376
7980,Adil Aouchiche,3,34,0,0.07965818792581558,0,0,1,0,0,0,S,Lorient,0,0.07965818792581558,0.09734205156564713,0.017683863639831543
8049,Jean-Kevin Duverne,14,1104,0,0.1458838041871786,0,0.43910174537450075,2,6,1,0,D S,Brest,0,0.1458838041871786,2.537813221104443,2.151690671220422
8050,Hichem Boudaoui,6,353,0,0.13561627641320229,1,0.643290426582098,3,6,1,0,M S,Nice,0,0.13561627641320229,2.032047277316451,1.2853562906384468
8094,Mathis Cherki,12,198,0,0.4417285919189453,3,1.113636538386345,9,9,1,0,M S,Lyon,0,0.4417285919189453,2.3775319308042526,1.6630101390182972
8141,Clement Vidal,9,561,0,0.2861484084278345,0,0.09880085289478302,6,1,1,1,D S,Ajaccio,0,0.2861484084278345,0.6462464146316051,0.6462464146316051
8146,Ismail Jakobs,12,328,0,0.13412159867584705,0,0.08808404207229614,4,1,1,0,D M S,Monaco,0,0.13412159867584705,1.3123999070376158,1.1949031576514244
8151,Hianga&#039;a M&#039;Bock,2,13,0,0,0,0,0,0,0,0,S,Brest,0,0,0,0
8165,Lucien Agoume,3,109,0,0,0,0.39944565296173096,0,2,1,0,M S,Troyes,0,0,0.4210775922983885,0.39657519571483135
8190,Melvin Bard,13,925,0,0.04996842797845602,0,0.3895379900932312,2,1,3,0,D S,Nice,0,0.04996842797845602,4.444370154291391,4.3944017589092255
8200,Logan Costa,1,40,0,0,0,0,0,0,0,0,S,Toulouse,0,0,0.02649366669356823,0.02649366669356823
8278,Papa Ndiaga Yade,8,308,0,0.2507828315719962,1,0.9602761305868626,7,8,1,0,D S,Troyes,0,0.2507828315719962,2.5100948959589005,1.7637190092355013
8283,Batista Mendy,13,1040,0,0.455681218765676,0,0.13080331683158875,3,4,4,1,D M,Angers,0,0.455681218765676,4.18032493442297,4.049521587789059
8294,El Bilal Touré,3,92,0,0.010291737504303455,0,0.028012188151478767,1,2,0,0,F S,Reims,0,0.010291737504303455,0.059951264411211014,0.021647341549396515
8328,Azz-Eddine Ounahi,14,1103,0,2.0029836846515536,0,2.045847825706005,23,17,1,0,M S,Angers,0,2.0029836846515536,6.641042973846197,3.629803791642189
8330,Jean Onana,7,150,0,0.013589139096438885,0,0.021763227880001068,1,1,1,0,M S,Lens,0,0.013589139096438885,0.7913422733545303,0.7559899240732193
8633,Waniss Taibi,7,119,0,0.10134349018335342,1,0.06111279875040054,1,1,1,0,M S,Angers,0,0.10134349018335342,0.6236913986504078,0.5625786073505878
8638,Lucas Chevalier,9,810,0,0,0,0,0,0,0,0,GK,Lille,0,0,1.0936336647719145,1.0936336647719145
8640,Adrien Truffert,15,1127,0,0.27544143609702587,4,0.5281430426985025,7,7,1,0,D S,Rennes,0,0.27544143609702587,6.018323138356209,5.3540784157812595
8643,Chrislain Matsima,3,30,0,0,0,0,0,0,0,0,S,Lorient,0,0,0,0
8644,Eliot Matazo,7,357,0,0.010263537988066673,0,0,1,0,2,0,M S,Monaco,0,0.010263537988066673,0.39778653532266617,0.39778653532266617
8646,Wout Faes,3,270,0,0,0,0.009163623675704002,0,1,2,0,D,Reims,0,0,0.22099942527711391,0.22099942527711391
8647,Thibault De Smet,2,175,0,0,0,0,0,0,0,0,D,Reims,0,0,0.6232324093580246,0.6232324093580246
8650,Julien Laporte,15,1350,0,0.1760066207498312,0,0.008762504905462265,5,1,1,0,D,Lorient,0,0.1760066207498312,3.3506457321345806,3.3418832272291183
8653,Adrian Grbic,2,19,0,0.11924367398023605,0,0,3,0,0,0,S,Lorient,0,0.11924367398023605,0.039904043078422546,0
8656,Birger Meling,9,260,0,0,0,0,0,0,1,1,D S,Rennes,0,0,1.927125208079815,1.927125208079815
8660,Jordan Lotomba,14,937,0,0.196262426674366,0,0.45637072436511517,6,8,2,0,D S,Nice,0,0.196262426674366,2.349123230203986,2.119609033688903
8663,Flavius Daniliuc,2,91,0,0,0,0.025101438164711,0,1,0,0,D S,Nice,0,0,0.06139461323618889,0.03629317507147789
8665,Loic Bade,1,90,0,0.17180423438549042,1,0.03511565923690796,2,1,1,0,D,Rennes,0,0.17180423438549042,0.2720215320587158,0.2720215320587158
8667,Ismael Boura,7,48,0,0.05868212878704071,0,0.5905199646949768,2,1,0,0,S,Lens,0,0.05868212878704071,0.656623125076294,0.6122831702232361
8677,Lilian Brassier,14,1204,0,0.10369194392114878,0,0.957661110907793,6,6,2,0,D,Brest,0,0.10369194392114878,3.062721775844693,2.498849105089903
8678,Jonas Omlin,10,806,0,0,0,0,0,0,0,1,GK,Montpellier,0,0,0.8103607334196568,0.8103607334196568
8698,Kays Ruiz-Atil,1,63,0,0,0,0,0,0,1,0,M,Auxerre,0,0,0,0
8703,Sinaly Diomande,5,366,0,0.10174325853586197,0,0.019741199910640717,1,1,0,1,D S,Lyon,0,0.10174325853586197,0.32491181790828705,0.30517062544822693
8777,Vitinha,13,848,0,1.1148568410426378,0,0.2252119854092598,13,4,2,0,M S,Paris Saint Germain,0,1.1148568410426378,8.135029571130872,7.571312313899398
8973,Lorenz Assignon,5,173,0,0.3052329123020172,1,0.5637229681015015,1,1,2,0,D S,Rennes,0,0.3052329123020172,1.1216627359390259,0.816429827362299
8981,Jéremy Doku,8,149,0,0.2497200183570385,0,0.4123679753392935,5,6,0,0,F S,Rennes,0,0.2497200183570385,0.7033846080303192,0.12107322365045547
9017,Malo Gusto,14,1223,0,0.21151423826813698,1,2.561728660017252,6,18,1,0,D M,Lyon,0,0.21151423826813698,5.797859104350209,5.061364386230707
9092,Marvin Senaya,1,4,0,0,0,0,0,0,0,0,S,Strasbourg,0,0,0,0
9140,Maxime Busi,7,516,0,0.09841853380203247,1,0.24903176352381706,3,2,3,0,D M S,Reims,0,0.09841853380203247,1.0318625383079052,0.9334440045058727
9399,Quentin Merlin,13,1138,0,0.24179864302277565,1,1.9547104556113482,10,22,1,0,D M,Nantes,0,0.24179864302277565,2.3370034359395504,1.4424228575080633
9450,Dion Lopy,11,629,0,0.17228681966662407,0,0.4760061949491501,5,6,2,2,M S,Reims,0,0.17228681966662407,2.612328886985779,1.9993143621832132
9451,Chimuanya Ugochukwu,8,457,0,0.024608228355646133,0,0,1,0,0,1,M S,Rennes,0,0.024608228355646133,1.3690869025886059,1.3444786742329597
9487,Maxime Estève,12,796,0,0.16485677286982536,0,0.02173001877963543,3,1,3,0,D S,Montpellier,0,0.16485677286982536,1.0303998533636332,1.0086698327213526
9514,Antoine Mendy,2,8,0,0,0,0,0,0,0,0,S,Nice,0,0,0,0
9614,Marco Bizot,14,1260,0,0,0,0,0,0,2,0,GK,Brest,0,0,1.7811049446463585,1.7811049446463585
9615,Jere Uronen,5,214,0,0.01581607758998871,1,0.48152485489845276,1,1,0,0,D S,Brest,0,0.01581607758998871,0.8769761770963669,0.861160084605217
9618,Gauthier Gallon,12,1080,0,0,0,0.005366003606468439,0,1,3,0,GK,Troyes,0,0,0.6908650216646492,0.6908650216646492
9629,El Chadaille Bitshiabu,1,5,0,0,0,0,0,0,0,0,S,Paris Saint Germain,0,0,0,0
9631,Christopher Wooh,6,451,0,0.403076134622097,0,0.4764449894428253,3,1,1,0,D S,"Lens,Rennes",0,0.403076134622097,1.6907497271895409,1.6907497271895409
9633,Przemyslaw Frankowski,15,1018,0,1.0458082668483257,2,2.1904208473861217,18,23,1,0,D M S,Lens,0,1.0458082668483257,6.259068317711353,4.850185505114496
9635,Karol Fila,2,40,0,0.05990086868405342,0,0,1,0,0,0,S,Strasbourg,0,0.05990086868405342,0.09555432200431824,0.035653457045555115
9640,Florent Ogier,9,666,0,0.122889569029212,1,0.5611764686182141,2,3,2,0,D S,Clermont Foot,0,0.122889569029212,0.6320914961397648,0.62002994120121
9644,Jason Berthomier,2,21,0,0,0,0,0,0,0,0,S,Clermont Foot,0,0,0.01443369872868061,0.01443369872868061
9646,Mohamed Bayo,9,205,0,0.8335645124316216,0,0.6591311693191528,6,4,0,0,F S,Lille,0,0.8335645124316216,1.3808506801724434,0.09502808749675751
9650,Arial Mendy,5,215,0,0.057666972279548645,0,0.050447266548871994,2,1,0,0,D S,Clermont Foot,0,0.057666972279548645,0.15017320588231087,0.08631455525755882
9652,Alidu Seidu,14,1220,0,0.075687475502491,0,0.7064779344946146,4,5,4,0,D,Clermont Foot,0,0.075687475502491,2.94209105335176,2.876509165391326
9655,Pablo Rosario,10,665,0,0.5090248826891184,0,0.24183831363916397,3,6,4,0,D M S,Nice,0,0.5090248826891184,3.1874826326966286,2.605729602277279
9658,Billal Brahimi,10,309,0,0.11461327224969864,2,0.4655778110027313,3,5,0,0,F M S,Nice,0,0.11461327224969864,1.667962267063558,1.2997694751247764
9659,Bradley Locko,14,1059,0,0.1575359357520938,0,0.3829146660864353,5,8,3,1,D M S,Reims,0,0.1575359357520938,3.16249493509531,2.7529808804392815
9670,Léo Leroy,9,236,0,0.3020595833659172,0,0.17445339635014534,4,2,3,0,M S,Montpellier,0,0.3020595833659172,2.3185256384313107,1.9185886643826962
9671,Béni Makouana,5,88,0,0.2512035258114338,0,0.013463846407830715,4,1,1,0,S,Montpellier,0,0.2512035258114338,0.28544655814766884,0.020779183134436607
9767,Habib Diarra,9,434,0,0.2719698827713728,0,0,6,0,0,0,M S,Strasbourg,0,0.2719698827713728,1.7881447803229094,1.5932663530111313
9778,Henrique,3,126,0,0.023513125255703926,0,0,1,0,0,0,D S,Lyon,0,0.023513125255703926,0.023513125255703926,0
9807,Gideon Mensah,7,630,0,0.059618305414915085,0,0.5886056590825319,2,6,1,0,D,Auxerre,0,0.059618305414915085,1.6912218164652586,1.4940836615860462
9826,Axel Camblan,3,26,0,0.05074033513665199,0,0.06002989411354065,1,1,0,0,S,Brest,0,0.05074033513665199,0.10806456953287125,0.10806456953287125
9873,Montassar Talbi,15,1350,0,0.11770980432629585,1,0.599043071269989,3,3,0,0,D,Lorient,0,0.11770980432629585,3.8932503378018737,3.840685478411615
9900,Alexis Beka Beka,8,276,0,0.06815897859632969,0,0.015235104598104954,3,1,1,0,M S,Nice,0,0.06815897859632969,0.5485502034425735,0.4933344405144453
9919,Calvin Stengs,4,218,0,0.13932882249355316,0,0.04710836708545685,3,1,0,0,F M S,Nice,0,0.13932882249355316,0.45700981840491295,0.2705726195126772
9932,Nordine Kandil,3,29,0,0.023984715342521667,0,0,1,0,0,0,S,Strasbourg,0,0.023984715342521667,0.023141421377658844,0.023141421377658844
9941,Mitchell van Bergen,12,397,0,1.6177197899669409,1,1.1345927640795708,14,9,1,0,F M S,Reims,0,1.6177197899669409,2.6814930867403746,0.8759979177266359
9944,Gabriel Gudmundsson,5,100,0,0.020072290673851967,0,0.19606851786375046,1,4,0,0,M S,Lille,0,0.020072290673851967,0.16601302474737167,0.019357725977897644
9963,Maximiliano Caufriez,9,794,0,0.12046706676483154,0,0,2,0,4,0,D,Clermont Foot,0,0.12046706676483154,2.150649346411228,2.1322715133428574
9978,Azor Matusiwa,9,788,0,0.0448256004601717,0,0.42011629417538643,3,5,1,0,M,Reims,0,0.0448256004601717,3.9727721139788628,3.5616016387939453
10016,Bradley Barcola,7,62,0,0.32523828744888306,0,0.07583367824554443,1,1,0,0,S,Lyon,0,0.32523828744888306,0.5347173418849707,0.13364537619054317
10040,Erik Palmer-Brown,15,1248,0,0.17097821179777384,0,0.3152981139719486,4,5,2,0,D S,Troyes,0,0.17097821179777384,1.9051799760200083,1.628982833120972
10041,Yasser Larouci,13,763,0,0.0911977868527174,0,0.33464388735592365,3,9,0,0,D S,Troyes,0,0.0911977868527174,1.9267558604478836,1.5572709292173386
10058,Maghnes Akliouche,6,259,0,0.11202364414930344,0,0.13600795157253742,1,5,3,0,M S,Monaco,0,0.11202364414930344,0.33095285668969154,0.116379514336586
10132,Yohann Magnin,15,933,0,0.4075549077242613,0,0.91831424087286,7,8,4,0,D M S,Clermont Foot,0,0.4075549077242613,3.7780565470457077,3.1153802052140236
10194,Brayann Pereira,2,180,0,0,0,0,0,0,0,0,D,Auxerre,0,0,0.30524957180023193,0.30524957180023193
10195,Ibrahim Diakité,3,132,0,0.3794194459915161,0,0,1,0,1,0,D S,Reims,0,0.3794194459915161,0.08153311908245087,0.08153311908245087
10196,Martin Adeline,4,83,0,0.021647341549396515,0,0,1,0,1,0,S,Reims,0,0.021647341549396515,0.0708676353096962,0.04922029376029968
10256,Patrick Berg,3,16,0,0,0,0.03759988769888878,0,1,0,0,S,Lens,0,0,0.1288435123860836,0.09124362468719482
10258,Dogan Alemdar,3,220,0,0,0,0,0,0,0,0,GK S,Rennes,0,0,0.1621153149753809,0.1621153149753809
10270,Lohann Doucet,6,49,0,0.08153430372476578,0,0.12723541259765625,1,1,0,0,S,Nantes,0,0.08153430372476578,0.3595816809684038,0.23234626837074757
10271,Vanderson,14,859,0,0.32326751481741667,1,1.502827949821949,7,6,0,1,D M S,Monaco,0,0.32326751481741667,3.8907898096367717,2.116719299927354
10287,Mohamed Achi,2,27,0,0.022228756919503212,0,0.017557887360453606,1,1,0,0,S,Nantes,0,0.022228756919503212,0.1537797562777996,0.11399310640990734
10301,Jens Cajuste,10,508,0,0.24515574239194393,1,0.454070957377553,6,6,3,1,M S,Reims,0,0.24515574239194393,3.1851046308875084,2.9566124975681305
10328,Edon Zhegrova,6,231,0,0.42896115593612194,0,0.3718782961368561,9,1,1,0,M S,Lille,0,0.42896115593612194,1.3601005375385284,0.5940828397870064
10346,Bonke Innocent,13,613,0,0.10479157790541649,1,0.20575400814414024,2,5,2,0,M S,Lorient,0,0.10479157790541649,1.9762415941804647,1.718719208613038
10373,Falaye Sacko,12,892,0,0.2400592565536499,2,0.5252748550847173,3,10,1,0,D S,Montpellier,0,0.2400592565536499,1.8206005543470383,1.4812099039554596
10390,Ismaël Doukouré,6,403,0,0,0,0.23365077376365662,0,1,1,0,D S,Strasbourg,0,0,0.2653712257742882,0.03172045201063156
10391,Dany Jean,1,6,0,0,0,0,0,0,0,0,S,Strasbourg,0,0,0,0
10462,Marin Jakolis,1,24,0,0.19535881280899048,0,0,2,0,0,0,S,Angers,0,0.19535881280899048,0.6314758658409119,0.436117023229599
10527,Carlos Baleba,6,53,0,0.01963713765144348,0,0,1,0,1,1,S,Lille,0,0.01963713765144348,0.8246177565306425,0.8246177565306425
10564,Leny Yoro,2,99,0,0,0,0,0,0,0,0,D S,Lille,0,0,0.0947251170873642,0.0947251170873642
10702,Johann Lepenant,12,835,0,0.240170962177217,0,0.45030067302286625,10,4,1,0,M S,Lyon,0,0.240170962177217,2.090378174558282,1.8621624950319529
10705,Oumar Gonzalez,11,960,0,0.15942987706512213,0,0,5,0,6,0,D,Ajaccio,0,0.15942987706512213,0.24940123222768307,0.24940123222768307
10708,Qazim Laçi,8,199,0,0.10226472467184067,0,0.14641677774488926,4,3,0,0,M S,Ajaccio,0,0.10226472467184067,0.08452353626489639,0.057229939848184586
10710,Mathieu Coutadeur,12,812,0,0.026185990311205387,0,0.24432182777673006,2,7,0,0,M S,Ajaccio,0,0.026185990311205387,1.875409971922636,1.6996793635189533
10711,Yanis Cimignani,8,267,0,0.1533147543668747,0,0.05458495207130909,6,3,0,0,M S,Ajaccio,0,0.1533147543668747,0.3800833569839597,0.2267594551667571
10712,Kevin Spadanuda,10,464,0,0.14439222402870655,0,0.06533403508365154,3,3,2,0,M S,Ajaccio,0,0.14439222402870655,0.18608856201171875,0.03489914909005165
10713,Mohamed Youssouf,11,844,0,0.013162951916456223,0,0.4639921095222235,1,9,1,0,D S,Ajaccio,0,0.013162951916456223,0.7114057037979364,0.3856715578585863
10714,Francois-Joseph Sollacaro,1,90,0,0,0,0,0,0,0,0,GK,Ajaccio,0,0,0,0
10770,Soungoutou Magassa,1,74,0,0,0,0,0,0,0,0,S,Monaco,0,0,0.11702710390090942,0.11702710390090942
10780,Mory Diaw,15,1350,0,0,0,0.04700309783220291,0,2,0,0,GK,Clermont Foot,0,0,1.2146116755902767,1.1676085777580738
10781,Mateusz Wieteska,15,1350,0,0.31763875018805265,1,0.7119050417095423,7,3,2,0,D,Clermont Foot,0,0.31763875018805265,2.0304217524826527,2.0160395354032516
10784,Brandon Baiye,6,35,0,0,0,0.022603929042816162,0,1,0,0,S,Clermont Foot,0,0,0.022603929042816162,0.022603929042816162
10786,Warren Zaïre-Emery,4,19,0,0,0,0,0,0,0,0,S,Paris Saint Germain,0,0,0,0
10787,Mikkel Desler,12,1018,0,0.47170530818402767,1,0.772617869079113,5,6,0,1,D,Toulouse,0,0.47170530818402767,4.94649588316679,4.335997840389609
10788,Rasmus Nicolaisen,14,1203,0,0.3130084853619337,2,1.0122024416923523,6,2,2,1,D,Toulouse,0,0.3130084853619337,3.9228557404130697,3.9228557404130697
10795,Denis Genreau,8,75,0,0,0,0.1500259004533291,0,2,2,0,S,Toulouse,0,0,0.49040986225008965,0.34038394689559937
10797,Kévin Biakolo,10,287,0,0.04105014726519585,0,0.17383788898587227,1,2,1,0,D S,Toulouse,0,0.04105014726519585,0.5224299430847168,0.34859205037355423
10799,Ado Onaiwu,12,259,0,0.675160575658083,1,0.17869703471660614,7,3,0,0,S,Toulouse,0,0.675160575658083,1.7412593606859446,0.95174500066787
10801,Rares Ilie,4,153,0,0.1612548679113388,0,0.08757556974887848,4,2,0,0,M S,Nice,0,0.1612548679113388,0.36492736637592316,0.15726832672953606
10813,Youssouf M&#039;Changama,11,281,0,0.06532484106719494,0,0.544025644659996,2,4,0,0,M S,Auxerre,0,0.06532484106719494,0.6975208092480898,0.6322994995862246
10815,Lassine Sinayoko,14,869,0,2.230979612097144,2,0.906371945515275,22,11,0,1,F M S,Auxerre,0,2.230979612097144,3.462069444358349,1.428936729207635
10816,Rémy Dugimont,10,89,0,0.10000538267195225,1,0.46511294320225716,4,3,1,0,S,Auxerre,0,0.10000538267195225,1.1962301582098007,0.6592917703092098
10817,Paul Joly,10,870,0,0.42989332042634487,0,0.2405859688296914,7,7,2,0,D,Auxerre,0,0.42989332042634487,1.3188723362982273,1.1022228430956602
10819,Khalil Fayad,9,318,0,0.3237008508294821,1,0.28493952937424183,4,3,0,1,M S,Montpellier,0,0.3237008508294821,0.8121354151517153,0.5054529048502445
10820,Andreas Bruus,9,499,0,0.12670961022377014,1,0.9118640581145883,2,9,2,0,D S,Troyes,0,0.12670961022377014,1.5659413188695908,1.0447606220841408
10823,Kyliane Dong,3,48,0,0.01718319207429886,0,0,1,0,0,0,S,Troyes,0,0.01718319207429886,0.08712517470121384,0.06994198262691498
10825,Halid Sabanovic,4,260,0,0,0,0,0,0,1,1,D M,Angers,0,0,1.9623759984970093,1.9623759984970093
10828,Ilyés Chétti,2,50,0,0,0,0.3183138370513916,0,1,0,0,S,Angers,0,0,0.3814890831708908,0.06317522376775742
10829,Yahia Fofana,8,720,0,0,0,0,0,0,1,0,GK,Angers,0,0,1.3349872156977654,1.3349872156977654
10833,Lukasz Poreba,4,211,0,0.20153379812836647,1,0.291718109510839,3,3,1,0,M S,Lens,0,0.20153379812836647,1.1912370324134827,0.6979851275682449
10836,Karamoko Dembele,9,82,0,0.33168547227978706,0,0.0854965839534998,4,3,0,0,S,Brest,0,0.33168547227978706,0.4604114182293415,0.06002989411354065
10843,Gédéon Kalulu,12,1080,0,0.10518804006278515,3,1.0274810511618853,3,11,2,0,D,Lorient,0,0.10518804006278515,4.02413085103035,3.397286731749773
10844,Darline Yongwa,2,34,0,0,0,0.03710533306002617,0,2,0,0,S,Lorient,0,0,0.03710533306002617,0.02304346300661564
10854,Souleymane Isaak Touré,5,59,0,0,0,0,0,0,1,0,S,Marseille,0,0,0.3577815890312195,0.3577815890312195
10855,Patrick Pentz,7,630,0,0,0,0,0,0,1,0,GK,Reims,0,0,0.6255596354603767,0.6255596354603767
10856,Emmanuel Agbadou,12,967,0,1.2073489762842655,0,0.517986960709095,10,2,2,2,D M S,Reims,0,1.2073489762842655,3.306536730378866,2.8693465031683445
10917,Thierno Baldé,11,817,0,0.16995368152856827,0,0.42673296108841896,3,8,0,0,D M S,Troyes,0,0.16995368152856827,1.5241941828280687,1.0627463813871145
10919,Yanis Begraoui,2,52,0,0,0,0.10249128378927708,0,2,0,0,M S,Toulouse,0,0,0.10249128378927708,0
10921,Kenji-Van Boto,1,90,0,0.01567542925477028,0,0,1,0,0,0,D,Auxerre,0,0.01567542925477028,0.3937273621559143,0.3780519366264343
10922,Rayan Raveloson,13,720,0,0.9169969782233238,0,0.26219764072448015,9,5,0,0,D M S,Auxerre,0,0.9169969782233238,2.289097998291254,1.2901466097682714
10923,Himad Abdelli,7,230,0,0.46460388973355293,0,0.4779188483953476,3,6,0,0,M S,Angers,0,0.46460388973355293,1.2030343413352966,0.2605116069316864
10924,Fernand Mayembo,4,288,0,0.24222412705421448,0,0,2,0,1,0,D S,Ajaccio,0,0.24222412705421448,0.5249917060136795,0.5249917060136795
10925,Michael Barreto,4,133,0,0.13077442348003387,0,0.08441237639635801,2,5,0,0,M S,Ajaccio,0,0.13077442348003387,0.14075888134539127,0.08318332023918629
10968,Joaquín Blázquez,1,90,0,0,0,0,0,0,0,0,GK,Brest,0,0,0.48459699749946594,0.48459699749946594
11006,Mohamed Camara,11,801,0,0.5385119542479515,0,0.7256409786641598,10,8,3,1,M S,Monaco,0,0.5385119542479515,5.707278326153755,4.856748849153519
11014,Oliver Zandén,5,137,0,0.12445133179426193,0,0.059892937541007996,2,2,0,0,D S,Toulouse,0,0.12445133179426193,0.17030688375234604,0.11041393876075745
11015,Julien Ponceau,12,783,0,0.4014774588868022,2,2.1499535031616688,7,15,1,0,M S,Lorient,0,0.4014774588868022,5.587008411996067,3.409532517194748
11016,Ousmane Camara,2,180,0,0,0,0,0,0,0,0,D,Angers,0,0,0.7595078647136688,0.7595078647136688
11018,Jean Botué,4,168,0,0.19998476654291153,0,0.042850205674767494,5,2,0,0,F S,Ajaccio,0,0.19998476654291153,0.14341717213392258,0
11024,Alan Virginius,5,53,0,0.09671755880117416,0,0.017725886777043343,2,1,0,0,S,Lille,0,0.09671755880117416,0.11444344744086266,0
11046,Abdallah Sima,12,556,0,1.0585582219064236,0,1.0087815560400486,8,6,0,0,F S,Angers,0,1.0585582219064236,2.9015011489391327,1.3189841508865356
11063,Souleymane Cissé,1,1,0,0,0,0,0,0,0,0,S,Clermont Foot,0,0,0,0
11064,Baila Diallo,2,30,0,0,0,0,0,0,0,0,S,Clermont Foot,0,0,0.03287138417363167,0.03287138417363167
11084,Axel Gueguin,2,9,0,0,0,0,0,0,0,0,S,Montpellier,0,0,0,0
11088,Tairyk Arconte,1,25,0,0.462929368019104,0,0,1,0,0,0,S,Brest,0,0.462929368019104,0.462929368019104,0
11090,Siriné Doucouré,3,20,0,0.22517280280590057,1,0.18060503900051117,2,2,0,0,S,Lorient,0,0.22517280280590057,0.49578382074832916,0.09000596404075623
11091,Veljko Birmancevic,8,150,0,0.25750050134956837,0,0.4274848401546478,3,1,0,0,F S,Toulouse,0,0.25750050134956837,0.766514964401722,0.08152962289750576
11102,Adam Buksa,4,55,0,0,0,0,0,0,0,0,S,Lens,0,0,0,0
11103,Mateusz Lis,3,270,0,0,0,0,0,0,1,0,GK,Troyes,0,0,0.10634024441242218,0.10634024441242218
11134,Noah Holm,6,91,0,0.009632758796215057,0,0.2233314886689186,1,3,1,0,F S,Reims,0,0.009632758796215057,0.23296424746513367,0.04560907930135727
11135,Cheick Keita,2,116,0,0,0,0,0,0,1,0,D S,Reims,0,0,0.5028196200728416,0.5028196200728416
11137,Ghjuvanni Quilichini,1,82,0,0,0,0,0,0,0,0,S,Ajaccio,0,0,0,0
11157,Sael Kumbedi,1,16,0,0,0,0,0,0,0,0,S,Lyon,0,0,0,0
11163,Yanis Massolin,2,33,0,0,0,0,0,0,0,0,S,Clermont Foot,0,0,0.013636498712003231,0.013636498712003231
